whole_corpus_claim_record_id,unit_type,source_layer,original_record_id,municipality,state,region,source_family,cba_non_cba_hint,side_label,claim_family,claim_boundary,qa_status,mechanism_class,period_label,pay_basis,source_lineage,caveats,no_final_national_claim,no_causal_claim
WCCR-4e38dd449b4732a698602542,rated_span,combined_broad,WCRS-fa17cbfeaa96a5dca3790a27,Kendallville,IN,Midwest,salary_ordinance,,remains_unclear,non_base_compensation,conditional_with_caveats,directional_hint_only,non_base_compensation,,,CBSRD-20260728-e7ced06e7e0acd1314d5,"[""snippet_pointer_only"",""not_clear_side_anchor""]",true,true
WCCR-c59ad982a00d43099135757c,rated_span,combined_broad,WCRS-a6c12169c31e61f703c62274,Merrimack,NH,Northeast,cba,,remains_unclear,non_base_compensation,conditional_with_caveats,directional_hint_only,non_base_compensation,,,CBSRD-20260728-c235f745761812712b13,"[""snippet_pointer_only"",""not_clear_side_anchor""]",true,true
WCCR-6678fe08f62ffc68cbfb97ba,rated_span,combined_broad,WCRS-c7cdfc844d946ebf6b5a3406,Bloom,IL,Midwest,cba_or_arbitration_award_or_factfinding_or_impasse_record,,remains_unclear,non_base_compensation,conditional_with_caveats,directional_hint_only,non_base_compensation,,,CBSRD-20260728-6918b722e9e8ba5c618e,"[""snippet_pointer_only"",""not_clear_side_anchor""]",true,true
WCCR-bb373411a624cb9688790eed,rated_span,combined_broad,WCRS-5b871e1ad4f0e1ad3f58d7c6,New Castle,IN,Midwest,other_local_government_pay_policy,,remains_unclear,non_base_compensation,conditional_with_caveats,directional_hint_only,non_base_compensation,,,CBSRD-20260728-5d52a799337ea547d7f9,"[""snippet_pointer_only"",""not_clear_side_anchor""]",true,true
WCCR-c5ab00ae66b31f4cffd233aa,rated_span,combined_broad,WCRS-f5e7bedb486991e14dfc13b1,Thornton,IL,Midwest,mou_or_memorandum,,remains_unclear,non_base_compensation,conditional_with_caveats,directional_hint_only,non_base_compensation,,,CBSRD-20260728-d6ba0ab698e2c7518ee6,"[""snippet_pointer_only"",""not_clear_side_anchor""]",true,true
WCCR-7eb7f794c7d4cd8480b78266,rated_span,combined_broad,WCRS-d64aa8ed3b08c137f803e7d9,Mount Vernon,IL,Midwest,cba,,remains_unclear,non_base_compensation,conditional_with_caveats,directional_hint_only,non_base_compensation,,,CBSRD-20260728-373095e52c78d86d2b26,"[""snippet_pointer_only"",""not_clear_side_anchor""]",true,true
WCCR-8b3635b9019249cf3e41a59f,rated_span,combined_broad,WCRS-501367f04b74ab6d1bb2de3c,Myrtle Creek,OR,West,wage_schedule,,remains_unclear,non_base_compensation,conditional_with_caveats,directional_hint_only,non_base_compensation,,,CBSRD-20260728-0df2662c47f5f9dbea04,"[""snippet_pointer_only"",""not_clear_side_anchor""]",true,true
WCCR-78e421767c5baa3ff71881b3,rated_span,combined_broad,WCRS-21cdf79d6bed564adc7e8326,Oakley,KS,Midwest,agenda_packet_or_minutes,,remains_unclear,non_base_compensation,conditional_with_caveats,directional_hint_only,non_base_compensation,,,CBSRD-20260728-1aa0f22af04c17b428c1,"[""snippet_pointer_only"",""not_clear_side_anchor""]",true,true
WCCR-84d2d81c6e002addbef06f95,rated_span,combined_broad,WCRS-d7c5b057bc232e84e4604db1,Chincoteague,VA,South,agenda_packet_or_minutes,,remains_unclear,non_base_compensation,conditional_with_caveats,directional_hint_only,safety_advantage_signal,,,CBSRD-20260728-302f70ae96c22f53693b,"[""snippet_pointer_only"",""not_clear_side_anchor""]",true,true
WCCR-192236c8182daee7d245c08b,rated_span,combined_broad,WCRS-1d87b9a9eaf83e22f65613e8,Tomahawk,WI,Midwest,cba,,remains_unclear,non_base_compensation,conditional_with_caveats,directional_hint_only,non_base_compensation,,,CBSRD-20260728-73292acf8527793761b6,"[""snippet_pointer_only"",""not_clear_side_anchor""]",true,true
WCCR-7b393bc2976ec4f58685d368,rated_span,combined_broad,WCRS-7b04e8117f75974469a07971,Lancaster,NY,Northeast,wage_schedule,,remains_unclear,non_base_compensation,conditional_with_caveats,directional_hint_only,non_base_compensation,,,CBSRD-20260728-330973e604af54a3aea8,"[""snippet_pointer_only"",""not_clear_side_anchor""]",true,true
WCCR-9bda641013fea5decf38715d,rated_span,combined_broad,WCRS-99978be090a58f196eb34dde,Lake Forest,IL,Midwest,wage_schedule,,remains_unclear,non_base_compensation,conditional_with_caveats,directional_hint_only,non_base_compensation,,,CBSRD-20260728-95094740344c77424c52,"[""snippet_pointer_only"",""not_clear_side_anchor""]",true,true
WCCR-98a589be577c59a510ad257a,rated_span,combined_broad,WCRS-d7593e4fc13ad536fe632733,Corte Madera,CA,West,wage_schedule,,remains_unclear,non_base_compensation,conditional_with_caveats,directional_hint_only,non_base_compensation,,,CBSRD-20260728-bdcb43be529877e4de0b,"[""snippet_pointer_only"",""not_clear_side_anchor""]",true,true
WCCR-31433a775ddf0284ce163d1c,rated_span,combined_broad,WCRS-1fd6d54213433f1a14b3954f,St. Charles,MN,Midwest,wage_schedule,,remains_unclear,non_base_compensation,conditional_with_caveats,directional_hint_only,non_base_compensation,,,CBSRD-20260728-95cff774df3451d651ab,"[""snippet_pointer_only"",""not_clear_side_anchor""]",true,true
WCCR-3e4a8bcc6827a3d7e6b7799b,rated_span,combined_broad,WCRS-b65acfe244bb71ca90717eb8,La Palma,CA,West,mou_or_memorandum,,remains_unclear,non_base_compensation,conditional_with_caveats,directional_hint_only,non_base_compensation,,,CBSRD-20260728-ceff2f051c3e4ff52885,"[""snippet_pointer_only"",""not_clear_side_anchor""]",true,true
WCCR-6f6bae7233c4d523ba93d871,rated_span,combined_broad,WCRS-ec1ef75af1ac61362ba58aec,Falmouth,ME,Northeast,arbitration_award,,remains_unclear,non_base_compensation,conditional_with_caveats,directional_hint_only,non_base_compensation,,,CBSRD-20260728-73701efdcca12306952b,"[""snippet_pointer_only"",""not_clear_side_anchor""]",true,true
WCCR-da1fae633fdd562fa4be2b8d,rated_span,combined_broad,WCRS-ab4ecda2deee651bc87e8b27,Seymour,CT,Northeast,cba,,remains_unclear,non_base_compensation,conditional_with_caveats,directional_hint_only,non_base_compensation,,,CBSRD-20260728-873718881f8e4bf32e4c,"[""snippet_pointer_only"",""not_clear_side_anchor""]",true,true
WCCR-e8f910267737eb23c75ae573,rated_span,combined_broad,WCRS-22f0fc5825e308fef1505879,Manistee,MI,Midwest,agenda_packet_or_minutes,,remains_unclear,non_base_compensation,conditional_with_caveats,directional_hint_only,non_base_compensation,,,CBSRD-20260728-3cad12f9b41b98026455,"[""snippet_pointer_only"",""not_clear_side_anchor""]",true,true
WCCR-cac55e9430053535732920b4,rated_span,combined_broad,WCRS-6c0cd896a5d9c30384cd0866,Credit River,MN,Midwest,wage_schedule,,remains_unclear,non_base_compensation,conditional_with_caveats,directional_hint_only,non_base_compensation,,,CBSRD-20260728-9b06e2f0f54eedacf66a,"[""snippet_pointer_only"",""not_clear_side_anchor""]",true,true
WCCR-971bfb031763d17d9320cf3d,rated_span,combined_broad,WCRS-3c21574d8cf2452aa8508aee,Oxnard,CA,West,mou_or_memorandum,,remains_unclear,non_base_compensation,conditional_with_caveats,directional_hint_only,non_base_compensation,,,CBSRD-20260728-f44241ae2dfadcdbb7f2,"[""snippet_pointer_only"",""not_clear_side_anchor""]",true,true
WCCR-215a15a8a3db02e7f59b7520,rated_span,combined_broad,WCRS-7dee4307759296bef110aab3,Exeter,NH,Northeast,budget_or_pay_plan,,remains_unclear,non_base_compensation,conditional_with_caveats,directional_hint_only,non_base_compensation,,,CBSRD-20260728-e9c99292f0da9088a0d4,"[""snippet_pointer_only"",""not_clear_side_anchor""]",true,true
WCCR-6d8e8c03bcd53abdd1bba13f,rated_span,combined_broad,WCRS-4d13b09518fe7e45da41b5b2,Amherst,NY,Northeast,civil_service_or_hr_pay_plan,,remains_unclear,non_base_compensation,conditional_with_caveats,directional_hint_only,non_base_compensation,,,CBSRD-20260728-dcfc4333f82af7da0013,"[""snippet_pointer_only"",""not_clear_side_anchor""]",true,true
WCCR-d26ff566ab9064998d058abf,rated_span,combined_broad,WCRS-0678b784b7cecd41b2a1ea7f,Grand Blanc,MI,Midwest,mou_or_memorandum,,remains_unclear,non_base_compensation,conditional_with_caveats,directional_hint_only,non_base_compensation,,,CBSRD-20260728-594e177b594a3b46ca26,"[""snippet_pointer_only"",""not_clear_side_anchor""]",true,true
WCCR-59a1c3d9502ecfd44f6a323a,rated_span,combined_broad,WCRS-c7fd64db6ff1920d7e0d5ff6,Farmington,AR,South,compensation_study,,remains_unclear,non_base_compensation,conditional_with_caveats,directional_hint_only,gap_narrowing_signal,,,CBSRD-20260728-273396393b353f824ade,"[""snippet_pointer_only"",""not_clear_side_anchor""]",true,true
WCCR-944aeb991ad44e7c0ee4995b,rated_span,combined_broad,WCRS-db1ec28f4e959859409edbc3,Tampa,FL,South,wage_schedule,,remains_unclear,non_base_compensation,conditional_with_caveats,directional_hint_only,non_base_compensation,,,CBSRD-20260728-41b1fe3ff447bc863a3c,"[""snippet_pointer_only"",""not_clear_side_anchor""]",true,true
WCCR-e75e416f156f0d93e437cb55,rated_span,combined_broad,WCRS-a2231c1d68e68d63fbb32832,Anderson,CA,West,mou_or_memorandum,,remains_unclear,non_base_compensation,conditional_with_caveats,directional_hint_only,non_base_compensation,,,CBSRD-20260728-c3de0798866c3553da71,"[""snippet_pointer_only"",""not_clear_side_anchor""]",true,true
WCCR-f1fe1548411d307af7ad1422,rated_span,combined_broad,WCRS-acdc68f08a415b3392e97f2f,Twinsburg,OH,Midwest,cba,,remains_unclear,non_base_compensation,conditional_with_caveats,directional_hint_only,comparability_parity,,,CBSRD-20260728-8a46e6dc2a17d09d28e2,"[""snippet_pointer_only"",""not_clear_side_anchor""]",true,true
WCCR-f826a1d76770fbb43ed90bdd,rated_span,combined_broad,WCRS-39eb38b63ffc4ae815e8ccc9,Angel Fire,NM,West,budget_or_pay_plan,,remains_unclear,non_base_compensation,conditional_with_caveats,directional_hint_only,non_base_compensation,,,CBSRD-20260728-4bb43df30ffe36595e94,"[""snippet_pointer_only"",""not_clear_side_anchor""]",true,true
WCCR-68567d1a0584f40dd450b73e,rated_span,combined_broad,WCRS-989a4420ed00ca147efa474f,Carroll,IA,Midwest,wage_schedule,,remains_unclear,non_base_compensation,conditional_with_caveats,directional_hint_only,non_base_compensation,,,CBSRD-20260728-c0d3c132d177f318e16a,"[""snippet_pointer_only"",""not_clear_side_anchor""]",true,true
WCCR-e2937c2abd19506d5e2b0423,rated_span,combined_broad,WCRS-3c866d68e4a6765144cbb07c,Lakeway,TX,South,budget_or_pay_plan,,remains_unclear,non_base_compensation,conditional_with_caveats,directional_hint_only,market_recruitment_retention,,,CBSRD-20260728-f98de9f8d6291f1256e6,"[""snippet_pointer_only"",""not_clear_side_anchor""]",true,true
WCCR-d2741ed9dfffd75e250999d9,rated_span,combined_broad,WCRS-8d7c9f77809399012a99fa36,Anderson,SC,South,cba_or_arbitration_award_or_factfinding_or_impasse_record,,remains_unclear,non_base_compensation,conditional_with_caveats,directional_hint_only,non_base_compensation,,,CBSRD-20260728-0de9c43462015179b095,"[""snippet_pointer_only"",""not_clear_side_anchor""]",true,true
WCCR-6e7585ecb076c3e66b19f022,rated_span,combined_broad,WCRS-04e5ce02db3e0800c47eec37,Gordon,NE,Midwest,agenda_packet_or_minutes,,remains_unclear,non_base_compensation,conditional_with_caveats,directional_hint_only,base_wage_direct_value,,,CBSRD-20260728-753582c2da1ac18fdc1a,"[""snippet_pointer_only"",""not_clear_side_anchor""]",true,true
WCCR-0850d20f07666dd557ef6d91,rated_span,combined_broad,WCRS-f5af7ab9bb4af1c0299901eb,Manchester,VT,Northeast,cba,,remains_unclear,non_base_compensation,conditional_with_caveats,directional_hint_only,non_base_compensation,,,CBSRD-20260728-7f0a6cf3a6407560029c,"[""snippet_pointer_only"",""not_clear_side_anchor""]",true,true
WCCR-3494d782cb604223e6284c5e,rated_span,combined_broad,WCRS-7effb4b54adcbc8610ff4234,Mosinee,WI,Midwest,arbitration_award,,remains_unclear,non_base_compensation,conditional_with_caveats,directional_hint_only,non_base_compensation,,,CBSRD-20260728-c3a775aca23ccf9ae30a,"[""snippet_pointer_only"",""not_clear_side_anchor""]",true,true
WCCR-c9bce23d88ca07fcd560d942,rated_span,combined_broad,WCRS-7155c668a71b921200b84b4b,Norwich,VT,Northeast,wage_schedule,,remains_unclear,non_base_compensation,conditional_with_caveats,directional_hint_only,non_base_compensation,,,CBSRD-20260728-6b4cbda40cff16c4c938,"[""snippet_pointer_only"",""not_clear_side_anchor""]",true,true
WCCR-c830671ac2bade6b1658c42c,rated_span,combined_broad,WCRS-d39a4bd8bda6a34bee589a12,Mauston,WI,Midwest,cba,,remains_unclear,non_base_compensation,conditional_with_caveats,directional_hint_only,non_base_compensation,,,CBSRD-20260728-50478202610d8c6dacf6,"[""snippet_pointer_only"",""not_clear_side_anchor""]",true,true
WCCR-622dfd624cc0e67380b71906,rated_span,combined_broad,WCRS-a637549f11385c4f79b2fa44,Gridley,CA,West,mou_or_memorandum,,remains_unclear,non_base_compensation,conditional_with_caveats,directional_hint_only,non_base_compensation,,,CBSRD-20260728-22359c783da6f522592b,"[""snippet_pointer_only"",""not_clear_side_anchor""]",true,true
WCCR-341807e5283eb14cc9c77fa0,rated_span,combined_broad,WCRS-a9433b78191b0f76174f8aea,Camden,ME,Northeast,agenda_packet_or_minutes,,remains_unclear,non_base_compensation,conditional_with_caveats,directional_hint_only,non_base_compensation,,,CBSRD-20260728-0b1637a828cefeaf5ebf,"[""snippet_pointer_only"",""not_clear_side_anchor""]",true,true
WCCR-3035513be21d33d8e7d7823b,rated_span,combined_broad,WCRS-898bd5db97f908f344171e37,Leavenworth,WA,West,cba,,remains_unclear,non_base_compensation,conditional_with_caveats,directional_hint_only,non_base_compensation,,,CBSRD-20260728-8dcb4e3e4f245aaac44b,"[""snippet_pointer_only"",""not_clear_side_anchor""]",true,true
WCCR-956473be6266180d7501cd3c,rated_span,combined_broad,WCRS-5cd8ee442a7ca3abeca462eb,Seneca,KS,Midwest,agenda_packet_or_minutes,,remains_unclear,non_base_compensation,conditional_with_caveats,directional_hint_only,non_base_compensation,,,CBSRD-20260728-dcbf2bf20ed200d679b8,"[""snippet_pointer_only"",""not_clear_side_anchor""]",true,true
WCCR-54a738653d625e4b3630da83,rated_span,combined_broad,WCRS-66481c0c5f8de3723ad4ce63,Redding,CA,West,mou_or_memorandum,,remains_unclear,non_base_compensation,conditional_with_caveats,directional_hint_only,non_base_compensation,,,CBSRD-20260728-9305330b3c07764e9e78,"[""snippet_pointer_only"",""not_clear_side_anchor""]",true,true
WCCR-cadadc9a1960101b6ea51232,rated_span,combined_broad,WCRS-c5a52989d30531c40e16b667,Farmington,MI,Midwest,agenda_packet_or_minutes,,remains_unclear,non_base_compensation,conditional_with_caveats,directional_hint_only,retroactivity_implementation,,,CBSRD-20260728-5d6d16e49005f6ecfc8c,"[""snippet_pointer_only"",""not_clear_side_anchor""]",true,true
WCCR-6b02c1f9b5606cf79a6ea7ee,rated_span,combined_broad,WCRS-4b6770e05a4056e656f05bad,Angola,IN,Midwest,wage_schedule,,remains_unclear,non_base_compensation,conditional_with_caveats,directional_hint_only,non_base_compensation,,,CBSRD-20260728-099ee1f7d12f772c3089,"[""snippet_pointer_only"",""not_clear_side_anchor""]",true,true
WCCR-f9ff7c8f64e804e42baa9896,rated_span,combined_broad,WCRS-f467537d98acf0ae816842c6,Camden,ME,Northeast,agenda_packet_or_minutes,,remains_unclear,non_base_compensation,conditional_with_caveats,directional_hint_only,non_base_compensation,,,CBSRD-20260728-0b1637a828cefeaf5ebf,"[""snippet_pointer_only"",""not_clear_side_anchor""]",true,true
WCCR-e7c229b8e455455f13620b03,rated_span,combined_broad,WCRS-dcae54b8360ad58cc68e8f62,White Mountain,AK,West,budget_or_pay_plan,,remains_unclear,non_base_compensation,conditional_with_caveats,directional_hint_only,retroactivity_implementation,,,CBSRD-20260728-ea41f1262c4c2665c835,"[""snippet_pointer_only"",""not_clear_side_anchor""]",true,true
WCCR-5b570eb96ea29a686ee57973,rated_span,combined_broad,WCRS-27b59a5285592d1da59dc61c,Rothschild,WI,Midwest,wage_schedule,,remains_unclear,non_base_compensation,conditional_with_caveats,directional_hint_only,non_base_compensation,,,CBSRD-20260728-bde246176997bc5cd8aa,"[""snippet_pointer_only"",""not_clear_side_anchor""]",true,true
WCCR-51de627a17a33441e0c87340,rated_span,combined_broad,WCRS-6c0aa778b76b7cf4802cfa25,Polk City,IA,Midwest,cba,,remains_unclear,non_base_compensation,conditional_with_caveats,directional_hint_only,non_base_compensation,,,CBSRD-20260728-fcfd23f049c0079fd247,"[""snippet_pointer_only"",""not_clear_side_anchor""]",true,true
WCCR-fdbf9623f3a2d29e61468813,rated_span,combined_broad,WCRS-c7bdd8ea92ce6ca669fdcf5d,Palos,IL,Midwest,cba_or_arbitration_award_or_factfinding_or_impasse_record,,remains_unclear,non_base_compensation,conditional_with_caveats,directional_hint_only,non_base_compensation,,,CBSRD-20260728-c4ed6bafb597999f0d4e,"[""snippet_pointer_only"",""not_clear_side_anchor""]",true,true
WCCR-a8b0932fa012d73cac165e12,rated_span,combined_broad,WCRS-8b10c98dd8cce0c446247020,DeWitt,MI,Midwest,agenda_packet_or_minutes,,remains_unclear,non_base_compensation,conditional_with_caveats,directional_hint_only,non_base_compensation,,,CBSRD-20260728-3b9ed862f371d9390642,"[""snippet_pointer_only"",""not_clear_side_anchor""]",true,true
WCCR-8007faf7c1963421ed751678,rated_span,combined_broad,WCRS-10855ad2d1c272d97d9cf95c,Chester,VT,Northeast,other_local_government_pay_policy,,remains_unclear,non_base_compensation,conditional_with_caveats,directional_hint_only,non_base_compensation,,,CBSRD-20260728-a9e46f349accaf15b7d6,"[""snippet_pointer_only"",""not_clear_side_anchor""]",true,true
WCCR-a4082d546a0a44f23604add1,rated_span,combined_broad,WCRS-a08b6cc22134fe09b0aa9da4,Ocean View,DE,South,compensation_study,,remains_unclear,non_base_compensation,conditional_with_caveats,directional_hint_only,market_recruitment_retention,,,CBSRD-20260728-f8b1c0064bf61938ef62,"[""snippet_pointer_only"",""not_clear_side_anchor""]",true,true
WCCR-31a0f79727ff0890bbcb34f5,rated_span,combined_broad,WCRS-931963ce1c3e9c6489a522e0,Monessen,PA,Northeast,unknown_or_needs_review,,remains_unclear,non_base_compensation,conditional_with_caveats,directional_hint_only,non_base_compensation,,,CBSRD-20260728-e61faeefb09ed6f8e05e,"[""snippet_pointer_only"",""not_clear_side_anchor""]",true,true
WCCR-43a17d1ed0b8d0bd84b5c11a,rated_span,combined_broad,WCRS-236e75f23147bc27cf0bb6a5,Fredericktown,OH,Midwest,other_local_government_pay_policy,,remains_unclear,non_base_compensation,conditional_with_caveats,directional_hint_only,non_base_compensation,,,CBSRD-20260728-b6e383b830975fb3232f,"[""snippet_pointer_only"",""not_clear_side_anchor""]",true,true
WCCR-28cd1a457e6deacfd80425b7,rated_span,combined_broad,WCRS-870b05f6d7c45daa0015ac64,Amherst,NY,Northeast,mou_or_memorandum,,remains_unclear,non_base_compensation,conditional_with_caveats,directional_hint_only,non_base_compensation,,,CBSRD-20260728-3d49b1b36d03f145551c,"[""snippet_pointer_only"",""not_clear_side_anchor""]",true,true
WCCR-c77ba55ca000c1bbe6fe88d2,rated_span,combined_broad,WCRS-db95b1d16286a0ca641cea6a,Los Alamitos,CA,West,wage_schedule,,remains_unclear,non_base_compensation,conditional_with_caveats,directional_hint_only,non_base_compensation,,,CBSRD-20260728-6c9312fb42cb36ca934d,"[""snippet_pointer_only"",""not_clear_side_anchor""]",true,true
WCCR-ef9d0d0ca21041ed1645e075,rated_span,combined_broad,WCRS-58ca1fb8861c9de292b0ec4b,Suwanee,GA,South,cba_or_budget_pay_plan_with_explicit_compensation_mechanism,,remains_unclear,non_base_compensation,conditional_with_caveats,directional_hint_only,safety_advantage_signal,,,CBSRD-20260728-90a645079e84e251259b,"[""snippet_pointer_only"",""not_clear_side_anchor""]",true,true
WCCR-05878b746c4b2fc5668d917a,rated_span,combined_broad,WCRS-0276f71ce8882843105ab77f,Richland,OH,Midwest,cba_or_compensation_study_or_classification_study_or_wage_schedule,,remains_unclear,non_base_compensation,conditional_with_caveats,directional_hint_only,non_base_compensation,,,CBSRD-20260728-7abff689482f692e3580,"[""snippet_pointer_only"",""not_clear_side_anchor""]",true,true
WCCR-a5e4bc734c15a802ab58a082,rated_span,combined_broad,WCRS-4d6a149c745831c75f7ea065,LaSalle,IL,Midwest,cba_or_compensation_study_or_classification_study_or_wage_schedule,,remains_unclear,non_base_compensation,conditional_with_caveats,directional_hint_only,cola_cpi_indexing,,,CBSRD-20260728-8f56cb82c8b740d4096f,"[""snippet_pointer_only"",""not_clear_side_anchor""]",true,true
WCCR-342ebc3bc5f796ee87848e14,rated_span,combined_broad,WCRS-8465a73f146902696b7498dc,Greenville,OH,Midwest,cba_or_compensation_study_or_classification_study_or_wage_schedule,,remains_unclear,non_base_compensation,conditional_with_caveats,directional_hint_only,base_wage_direct_value,,,CBSRD-20260728-a7719ee6bdb381fc72dc,"[""snippet_pointer_only"",""not_clear_side_anchor""]",true,true
WCCR-b83f83b3d1b779419add9bc1,rated_span,combined_broad,WCRS-9192db0c65df64c762292891,Pontiac,IL,Midwest,mou_or_memorandum,,remains_unclear,non_base_compensation,conditional_with_caveats,directional_hint_only,non_base_compensation,,,CBSRD-20260728-4746fb98a02c8d76171f,"[""snippet_pointer_only"",""not_clear_side_anchor""]",true,true
WCCR-b86d31573f8c9a643eaf6a9c,rated_span,combined_broad,WCRS-b9ebe6d4682bf0ca85269ae0,New Castle,IN,Midwest,cba_or_compensation_study_or_classification_study_or_wage_schedule,,remains_unclear,non_base_compensation,conditional_with_caveats,directional_hint_only,non_base_compensation,,,CBSRD-20260728-828b47af0aff03564db0,"[""snippet_pointer_only"",""not_clear_side_anchor""]",true,true
WCCR-a82fba329393d9f29b1946d0,rated_span,combined_broad,WCRS-a42c8520744e705ae8ed2ad6,Manchester,VT,Northeast,cba,,remains_unclear,non_base_compensation,conditional_with_caveats,directional_hint_only,non_base_compensation,,,CBSRD-20260728-9f2316657f2d121210f9,"[""snippet_pointer_only"",""not_clear_side_anchor""]",true,true
WCCR-b0d1fd9e3437a6736ceffc89,rated_span,combined_broad,WCRS-c3d68e41bebf4f1d199c65f8,Upper St. Clair,PA,Northeast,cba_or_budget_pay_plan_with_explicit_compensation_mechanism,,remains_unclear,non_base_compensation,conditional_with_caveats,directional_hint_only,non_base_compensation,,,CBSRD-20260728-046b6bfa11d6c5a66a0e,"[""snippet_pointer_only"",""not_clear_side_anchor""]",true,true
WCCR-8cd332f5c3f835e46649e305,rated_span,combined_broad,WCRS-93e37bb9c89b07f31da7da14,Lancaster,NY,Northeast,wage_schedule,,remains_unclear,non_base_compensation,conditional_with_caveats,directional_hint_only,non_base_compensation,,,CBSRD-20260728-330973e604af54a3aea8,"[""snippet_pointer_only"",""not_clear_side_anchor""]",true,true
WCCR-8a63e45a24d1f6c64f30ea32,rated_span,combined_broad,WCRS-c74a53987e3edb75307cbe3b,Arcadia,WI,Midwest,wage_schedule,,remains_unclear,non_base_compensation,conditional_with_caveats,directional_hint_only,non_base_compensation,,,CBSRD-20260728-83e46b212102eebda30a,"[""snippet_pointer_only"",""not_clear_side_anchor""]",true,true
WCCR-0b9f78f2f25edeaf7e6760c6,rated_span,combined_broad,WCRS-3a26c04c08065345abf9e865,Sheldon,IA,Midwest,wage_schedule,,remains_unclear,non_base_compensation,conditional_with_caveats,directional_hint_only,non_base_compensation,,,CBSRD-20260728-c2f8eb0b1632ef989233,"[""snippet_pointer_only"",""not_clear_side_anchor""]",true,true
WCCR-3e6c32fe8bd29a7222c80bd9,rated_span,combined_broad,WCRS-22d1384c6259e5707cea2433,Beavercreek,OH,Midwest,cba,,remains_unclear,non_base_compensation,conditional_with_caveats,directional_hint_only,non_base_compensation,,,CBSRD-20260728-112f383ddf3c9215570f,"[""snippet_pointer_only"",""not_clear_side_anchor""]",true,true
WCCR-b3fb1a8a716a5d51a13e150a,rated_span,combined_broad,WCRS-77421f10eac17e60ec0b8474,Monticello,IA,Midwest,other_local_government_pay_policy,,remains_unclear,non_base_compensation,conditional_with_caveats,directional_hint_only,non_base_compensation,,,CBSRD-20260728-546b04d4d17723fb36ac,"[""snippet_pointer_only"",""not_clear_side_anchor""]",true,true
WCCR-f9877d6ce894c8482493c562,rated_span,combined_broad,WCRS-25ede2b45de5cf965f8ab92b,Weathersfield,OH,Midwest,cba_or_budget_pay_plan_with_explicit_compensation_mechanism,,remains_unclear,non_base_compensation,conditional_with_caveats,directional_hint_only,non_base_compensation,,,CBSRD-20260728-3ea824d380467aaebeb1,"[""snippet_pointer_only"",""not_clear_side_anchor""]",true,true
WCCR-d68819aad2ebde831f504712,rated_span,combined_broad,WCRS-c2fdd901b53e51634a11ec6b,Wareham,MA,Northeast,cba,,remains_unclear,non_base_compensation,conditional_with_caveats,directional_hint_only,non_base_compensation,,,CBSRD-20260728-8bba7fe0258c6279fe62,"[""snippet_pointer_only"",""not_clear_side_anchor""]",true,true
WCCR-d379b6b183fddaffe012f7e2,rated_span,combined_broad,WCRS-109e486f42a85963fb86734a,North Reading,MA,Northeast,wage_schedule,,remains_unclear,non_base_compensation,conditional_with_caveats,directional_hint_only,non_base_compensation,,,CBSRD-20260728-1a8694a6c6af146e2abd,"[""snippet_pointer_only"",""not_clear_side_anchor""]",true,true
WCCR-253b06e04575a09eb5335140,rated_span,combined_broad,WCRS-3cc350a74422f6972169740a,Beech Grove,IN,Midwest,salary_ordinance,,remains_unclear,non_base_compensation,conditional_with_caveats,directional_hint_only,safety_advantage_signal,,,CBSRD-20260728-6501f5b302c9b5ce4525,"[""snippet_pointer_only"",""not_clear_side_anchor""]",true,true
WCCR-dc96c98748ee6fc672a33557,rated_span,combined_broad,WCRS-b93c92c2d4b5427429c3c666,Stevenson,WA,West,classification_study,,remains_unclear,non_base_compensation,conditional_with_caveats,directional_hint_only,non_base_compensation,,,CBSRD-20260728-d406cba2bcb4f9fede42,"[""snippet_pointer_only"",""not_clear_side_anchor""]",true,true
WCCR-a7a4aeb5ba2569f76eef6b10,rated_span,combined_broad,WCRS-b11edd29b1cbd74e6feb429f,Blue Ash,OH,Midwest,collective_bargaining_agreement_or_moa_or_wage_schedule,,remains_unclear,non_base_compensation,conditional_with_caveats,directional_hint_only,non_base_compensation,,,CBSRD-20260728-7c86a8127f4156c97fb5,"[""snippet_pointer_only"",""not_clear_side_anchor""]",true,true
WCCR-e502820806168f9c7bf39314,rated_span,combined_broad,WCRS-98a6ad521ef974497ff06c5d,Niles,MI,Midwest,cba_or_compensation_study_or_classification_study_or_wage_schedule,,remains_unclear,non_base_compensation,conditional_with_caveats,directional_hint_only,non_base_compensation,,,CBSRD-20260728-f29dd06f8e50552700b2,"[""snippet_pointer_only"",""not_clear_side_anchor""]",true,true
WCCR-a2ce2beba9fac1ded5cca80e,rated_span,combined_broad,WCRS-9487b129d55c27fa4ec25d60,DeWitt,MI,Midwest,agenda_packet_or_minutes,,remains_unclear,non_base_compensation,conditional_with_caveats,directional_hint_only,non_base_compensation,,,CBSRD-20260728-3b9ed862f371d9390642,"[""snippet_pointer_only"",""not_clear_side_anchor""]",true,true
WCCR-3f6eb332c485dab134413577,rated_span,combined_broad,WCRS-817d46353e82489520f2b226,New Haven,MI,Midwest,cba,,remains_unclear,non_base_compensation,conditional_with_caveats,directional_hint_only,non_base_compensation,,,CBSRD-20260728-a93e987bead834b5101f,"[""snippet_pointer_only"",""not_clear_side_anchor""]",true,true
WCCR-a7c2ab08358f41cc569a2ad5,rated_span,combined_broad,WCRS-cbf633160a9b3eb9b735977e,Tampa,FL,South,cba,,remains_unclear,non_base_compensation,conditional_with_caveats,directional_hint_only,non_base_compensation,,,CBSRD-20260728-0c7125dcb29c3ce235ef,"[""snippet_pointer_only"",""not_clear_side_anchor""]",true,true
WCCR-63580de957265c98828cde94,rated_span,combined_broad,WCRS-72d108c9a65e128e435e8fd2,Mauston,WI,Midwest,cba,,remains_unclear,non_base_compensation,conditional_with_caveats,directional_hint_only,non_base_compensation,,,CBSRD-20260728-50478202610d8c6dacf6,"[""snippet_pointer_only"",""not_clear_side_anchor""]",true,true
WCCR-90fd074cfa73f93eade1c3c8,rated_span,combined_broad,WCRS-381cbf7d3aaa77cc9442504b,Sand Point,AK,West,wage_schedule,,remains_unclear,non_base_compensation,conditional_with_caveats,directional_hint_only,non_base_compensation,,,CBSRD-20260728-6a0e6c5762e6b5058990,"[""snippet_pointer_only"",""not_clear_side_anchor""]",true,true
WCCR-3ea72422b394b254146d778b,rated_span,combined_broad,WCRS-b41107b3e05b5ae738abb735,Jamestown,RI,Northeast,cba,,remains_unclear,non_base_compensation,conditional_with_caveats,directional_hint_only,non_base_compensation,,,CBSRD-20260728-8781818819e7701bb63a,"[""snippet_pointer_only"",""not_clear_side_anchor""]",true,true
WCCR-ae3be227993f159b187efbb7,rated_span,combined_broad,WCRS-9bee63f47bafc6bd02713185,Swartz Creek,MI,Midwest,cba,,remains_unclear,non_base_compensation,conditional_with_caveats,directional_hint_only,non_base_compensation,,,CBSRD-20260728-5ae9449aece303f888d1,"[""snippet_pointer_only"",""not_clear_side_anchor""]",true,true
WCCR-30928947d470e8982ee523fc,rated_span,combined_broad,WCRS-cc5c82227e067a3bea8b8096,Channahon,IL,Midwest,wage_schedule,,remains_unclear,non_base_compensation,conditional_with_caveats,directional_hint_only,non_base_compensation,,,CBSRD-20260728-11176cd79b434050730c,"[""snippet_pointer_only"",""not_clear_side_anchor""]",true,true
WCCR-fc8ed48f9da149e3ca40fe45,rated_span,combined_broad,WCRS-3886e49ef4d9660dabafedfc,Twinsburg,OH,Midwest,wage_schedule,,remains_unclear,non_base_compensation,conditional_with_caveats,directional_hint_only,non_base_compensation,,,CBSRD-20260728-2ff2295d8d7831230533,"[""snippet_pointer_only"",""not_clear_side_anchor""]",true,true
WCCR-650d5e3c599727331ae7fa04,rated_span,combined_broad,WCRS-1aec2990a47b9574fbe471d4,Sterling Heights,MI,Midwest,collective_bargaining_agreement_or_moa_or_wage_schedule,,remains_unclear,non_base_compensation,conditional_with_caveats,directional_hint_only,non_base_compensation,,,CBSRD-20260728-407aff102e52af9f7cdd,"[""snippet_pointer_only"",""not_clear_side_anchor""]",true,true
WCCR-8a82889d156d202e7d945339,rated_span,combined_broad,WCRS-baa8c82b51702b29155a2ffa,Petoskey,MI,Midwest,wage_schedule,,remains_unclear,non_base_compensation,conditional_with_caveats,directional_hint_only,non_base_compensation,,,CBSRD-20260728-78cdabe13d654bec506b,"[""snippet_pointer_only"",""not_clear_side_anchor""]",true,true
WCCR-cb6358e7b00128dbb7a57cd9,rated_span,combined_broad,WCRS-ec32004a75dd0ca57286fc11,Oelwein,IA,Midwest,wage_schedule,,remains_unclear,non_base_compensation,conditional_with_caveats,directional_hint_only,non_base_compensation,,,CBSRD-20260728-e3876101a9fba0617239,"[""snippet_pointer_only"",""not_clear_side_anchor""]",true,true
WCCR-1d374d67b3154fbef1e7a834,rated_span,combined_broad,WCRS-c16294736647a1242755f629,Gorham,ME,Northeast,wage_schedule,,remains_unclear,non_base_compensation,conditional_with_caveats,directional_hint_only,non_base_compensation,,,CBSRD-20260728-e242c3593ecb968ada9e,"[""snippet_pointer_only"",""not_clear_side_anchor""]",true,true
WCCR-af5de019c23c40ca16f10106,rated_span,combined_broad,WCRS-4af6c41f2fec8726a66eb2cc,Manchester,VT,Northeast,cba,,remains_unclear,non_base_compensation,conditional_with_caveats,directional_hint_only,non_base_compensation,,,CBSRD-20260728-7f0a6cf3a6407560029c,"[""snippet_pointer_only"",""not_clear_side_anchor""]",true,true
WCCR-e8aa9888df100ad1fe39074c,rated_span,combined_broad,WCRS-a70e68734d4085fe0dcbf646,Gorham,ME,Northeast,wage_schedule,,remains_unclear,non_base_compensation,conditional_with_caveats,directional_hint_only,non_base_compensation,,,CBSRD-20260728-e242c3593ecb968ada9e,"[""snippet_pointer_only"",""not_clear_side_anchor""]",true,true
WCCR-042795da5a92db91d297e2bd,rated_span,combined_broad,WCRS-adffbdde17690118b8e74e81,Beech Grove,IN,Midwest,salary_ordinance,,remains_unclear,non_base_compensation,conditional_with_caveats,directional_hint_only,non_base_compensation,,,CBSRD-20260728-6501f5b302c9b5ce4525,"[""snippet_pointer_only"",""not_clear_side_anchor""]",true,true
WCCR-dddd131bf9ebed3e046011db,rated_span,combined_broad,WCRS-1f5536800a2a82e5062b9be4,Marysville,MI,Midwest,wage_schedule,,remains_unclear,non_base_compensation,conditional_with_caveats,directional_hint_only,non_base_compensation,,,CBSRD-20260728-1aa95119256214b84057,"[""snippet_pointer_only"",""not_clear_side_anchor""]",true,true
WCCR-e0d9bbc3858c2f0ca8ab006f,rated_span,combined_broad,WCRS-c91320c162975176905327dd,Leavenworth,WA,West,cba,,remains_unclear,non_base_compensation,conditional_with_caveats,directional_hint_only,non_base_compensation,,,CBSRD-20260728-8da6d8f4f20e0054d43b,"[""snippet_pointer_only"",""not_clear_side_anchor""]",true,true
WCCR-7e28c6e0ea81e13cadc6e88d,rated_span,combined_broad,WCRS-dd7e7920e8f277c1967097d1,Port Jervis,NY,Northeast,cba,,remains_unclear,non_base_compensation,conditional_with_caveats,directional_hint_only,non_base_compensation,,,CBSRD-20260728-d9dcf7d8683442e81b14,"[""snippet_pointer_only"",""not_clear_side_anchor""]",true,true
WCCR-0394c052a88f84da683b2a22,rated_span,combined_broad,WCRS-c87277d276c359a1c3ce7e28,Angola,IN,Midwest,wage_schedule,,remains_unclear,non_base_compensation,conditional_with_caveats,directional_hint_only,non_base_compensation,,,CBSRD-20260728-099ee1f7d12f772c3089,"[""snippet_pointer_only"",""not_clear_side_anchor""]",true,true
WCCR-c1be4d7abd2880cca85db81c,rated_span,combined_broad,WCRS-5916888898b813bd51682fd1,Rohnert Park,CA,West,collective_bargaining_agreement_or_moa_or_wage_schedule,,remains_unclear,non_base_compensation,conditional_with_caveats,directional_hint_only,non_base_compensation,,,CBSRD-20260728-5c2619891c5b93fa9954,"[""snippet_pointer_only"",""not_clear_side_anchor""]",true,true
WCCR-2bf583261f38484114bde255,rated_span,combined_broad,WCRS-7b10205959bd9f3f7b5d3d07,Thomasville,NC,South,budget_or_pay_plan,,remains_unclear,non_base_compensation,conditional_with_caveats,directional_hint_only,non_base_compensation,,,CBSRD-20260728-5d85f5727596b8b5492b,"[""snippet_pointer_only"",""not_clear_side_anchor""]",true,true
WCCR-8e1a5267a5c98708bc89c086,rated_span,combined_broad,WCRS-b3051146188acb19739cd169,Glenburn,ME,Northeast,agenda_packet_or_minutes,,remains_unclear,non_base_compensation,conditional_with_caveats,directional_hint_only,non_base_compensation,,,CBSRD-20260728-2c2b844121a55fef8095,"[""snippet_pointer_only"",""not_clear_side_anchor""]",true,true
WCCR-301138a3cadbaae544d13201,rated_span,combined_broad,WCRS-bf4b856610385d0a64d03789,Elizabeth City,NC,South,budget_or_pay_plan,,remains_unclear,non_base_compensation,conditional_with_caveats,directional_hint_only,non_base_compensation,,,CBSRD-20260728-85bff05722b33f373264,"[""snippet_pointer_only"",""not_clear_side_anchor""]",true,true
WCCR-ce98dd162cbddc99104b0d6a,rated_span,combined_broad,WCRS-82b20487e4e19b2e9cb7a251,Dormont,PA,Northeast,wage_schedule,,remains_unclear,non_base_compensation,conditional_with_caveats,directional_hint_only,non_base_compensation,,,CBSRD-20260728-fe856af13491b6dd6b1c,"[""snippet_pointer_only"",""not_clear_side_anchor""]",true,true
WCCR-81102acf0a0111586686bc16,rated_span,combined_broad,WCRS-7152546e8f4bbfa520bf4279,Neosho,MO,Midwest,budget_or_pay_plan,,remains_unclear,non_base_compensation,conditional_with_caveats,directional_hint_only,non_base_compensation,,,CBSRD-20260728-83de8387595af6f8af86,"[""snippet_pointer_only"",""not_clear_side_anchor""]",true,true
WCCR-90d2f59e5f78c0787f45d338,rated_span,combined_broad,WCRS-ba7d31581939c20b3a12ae7c,Twinsburg,OH,Midwest,cba,,remains_unclear,non_base_compensation,conditional_with_caveats,directional_hint_only,non_base_compensation,,,CBSRD-20260728-f61f51552acd725bb63a,"[""snippet_pointer_only"",""not_clear_side_anchor""]",true,true
WCCR-02901cc0a1ddd9ba12b39636,rated_span,combined_broad,WCRS-bb9beddcdaae5cf5612022ac,Thief River Falls,MN,Midwest,cba,,remains_unclear,non_base_compensation,conditional_with_caveats,directional_hint_only,non_base_compensation,,,CBSRD-20260728-c1b1c4a93b15fc6aa33f,"[""snippet_pointer_only"",""not_clear_side_anchor""]",true,true
WCCR-beceff4fc51163862713331d,rated_span,combined_broad,WCRS-fc2ad9e5b09d42d2cd6f3df7,Sauk Rapids,MN,Midwest,cba_or_compensation_study_or_classification_study_or_wage_schedule,,remains_unclear,non_base_compensation,conditional_with_caveats,directional_hint_only,non_base_compensation,,,CBSRD-20260728-ef891f7bb7a2336e5d6a,"[""snippet_pointer_only"",""not_clear_side_anchor""]",true,true
WCCR-808a89a07539b1ac4875c316,rated_span,combined_broad,WCRS-5cfd4689c85ff898f2fab4c9,Myrtle Creek,OR,West,wage_schedule,,remains_unclear,non_base_compensation,conditional_with_caveats,directional_hint_only,non_base_compensation,,,CBSRD-20260728-0df2662c47f5f9dbea04,"[""snippet_pointer_only"",""not_clear_side_anchor""]",true,true
WCCR-26cd89123a560f617e061bf9,rated_span,combined_broad,WCRS-9997d7b03a30cb8da22f6242,Winchester,CT,Northeast,cba,,remains_unclear,non_base_compensation,conditional_with_caveats,directional_hint_only,non_base_compensation,,,CBSRD-20260728-92be3a8d3dde7fee471e,"[""snippet_pointer_only"",""not_clear_side_anchor""]",true,true
WCCR-c9838771567c2dada4d2166f,rated_span,combined_broad,WCRS-7325cf84a5265d2b81db6933,Adel,IA,Midwest,cba,,remains_unclear,non_base_compensation,conditional_with_caveats,directional_hint_only,non_base_compensation,,,CBSRD-20260728-401d2963ccd4b779ba27,"[""snippet_pointer_only"",""not_clear_side_anchor""]",true,true
WCCR-37bf3d59f5bce3f92ed24c62,rated_span,combined_broad,WCRS-23233f05e2294f648230c5fb,Live Oak,TX,South,cba,,remains_unclear,non_base_compensation,conditional_with_caveats,directional_hint_only,non_base_compensation,,,CBSRD-20260728-138b69da5666cf187087,"[""snippet_pointer_only"",""not_clear_side_anchor""]",true,true
WCCR-e9fa75db1494e0e8e8fa306a,rated_span,combined_broad,WCRS-320a892772ed650e0c2273c1,North Reading,MA,Northeast,wage_schedule,,remains_unclear,non_base_compensation,conditional_with_caveats,directional_hint_only,non_base_compensation,,,CBSRD-20260728-1a8694a6c6af146e2abd,"[""snippet_pointer_only"",""not_clear_side_anchor""]",true,true
WCCR-3c1e75195cdd4d68ce093264,rated_span,combined_broad,WCRS-db12bab43147bab60630abc6,Hartland,MI,Midwest,cba_or_compensation_study_or_classification_study_or_wage_schedule,,remains_unclear,non_base_compensation,conditional_with_caveats,directional_hint_only,non_base_compensation,,,CBSRD-20260728-584c878cccad2021587f,"[""snippet_pointer_only"",""not_clear_side_anchor""]",true,true
WCCR-3fbe825774c83d98ca71fc6b,rated_span,combined_broad,WCRS-fa1e31255cc81909ce916a59,Brookline,MA,Northeast,arbitration_award,,remains_unclear,non_base_compensation,conditional_with_caveats,directional_hint_only,non_base_compensation,,,CBSRD-20260728-4aabdcd84835029ef554,"[""snippet_pointer_only"",""not_clear_side_anchor""]",true,true
WCCR-38d33df1e7357ac2e86002d1,rated_span,combined_broad,WCRS-3578bb59e2ca4541c1973ed6,Red Oak,IA,Midwest,mou_or_memorandum,,remains_unclear,non_base_compensation,conditional_with_caveats,directional_hint_only,non_base_compensation,,,CBSRD-20260728-628d7db8b31c8726e70f,"[""snippet_pointer_only"",""not_clear_side_anchor""]",true,true
WCCR-42d8838d739d4fdb737207e7,rated_span,combined_broad,WCRS-3a7009f0cbd38bd1e0d2a170,Guadalupe,CA,West,mou_or_memorandum,,remains_unclear,non_base_compensation,conditional_with_caveats,directional_hint_only,non_base_compensation,,,CBSRD-20260728-18918e160bbb1939d62e,"[""snippet_pointer_only"",""not_clear_side_anchor""]",true,true
WCCR-36677adf44bb7526f7e82d35,rated_span,combined_broad,WCRS-1d27444bdbba8ddff09afaff,Albion,MI,Midwest,cba,,remains_unclear,non_base_compensation,conditional_with_caveats,directional_hint_only,non_base_compensation,,,CBSRD-20260728-c794f52a63fdd17bd482,"[""snippet_pointer_only"",""not_clear_side_anchor""]",true,true
WCCR-505d727c6b92739dcbe86206,rated_span,combined_broad,WCRS-57116c5e001fd4a831ebef49,Camden,ME,Northeast,cba,,remains_unclear,non_base_compensation,conditional_with_caveats,directional_hint_only,non_base_compensation,,,CBSRD-20260728-5aee8884df17b3c0bf6f,"[""snippet_pointer_only"",""not_clear_side_anchor""]",true,true
WCCR-411ad77d291ae92c7a1c184a,rated_span,combined_broad,WCRS-19bd4ddcb4dde2bfb372d05c,Atlantic Beach,FL,South,arbitration_award,,remains_unclear,non_base_compensation,conditional_with_caveats,directional_hint_only,non_base_compensation,,,CBSRD-20260728-6fc976296b9ad19d0711,"[""snippet_pointer_only"",""not_clear_side_anchor""]",true,true
WCCR-7eadb80823e956fc72092bd8,rated_span,combined_broad,WCRS-bdfa9b479c466c1b6df65610,Fredericktown,OH,Midwest,other_local_government_pay_policy,,remains_unclear,non_base_compensation,conditional_with_caveats,directional_hint_only,non_base_compensation,,,CBSRD-20260728-b6e383b830975fb3232f,"[""snippet_pointer_only"",""not_clear_side_anchor""]",true,true
WCCR-8dedc89754cc7df782e95c44,rated_span,combined_broad,WCRS-89284c713af31e171aaa8b2b,West Lafayette,OH,Midwest,other_local_government_pay_policy,,remains_unclear,non_base_compensation,conditional_with_caveats,directional_hint_only,non_base_compensation,,,CBSRD-20260728-9204c6f9692647ee8345,"[""snippet_pointer_only"",""not_clear_side_anchor""]",true,true
WCCR-6db7d1f904ffd36c12844045,rated_span,combined_broad,WCRS-6ad868ab9deb745ab6bc0a2e,Barrington,NH,Northeast,cba,,remains_unclear,non_base_compensation,conditional_with_caveats,directional_hint_only,non_base_compensation,,,CBSRD-20260728-77adc7877ebde201e500,"[""snippet_pointer_only"",""not_clear_side_anchor""]",true,true
WCCR-0a0951ff50eb2c8cfa60e94f,rated_span,combined_broad,WCRS-3060700c17588046c0c1da27,Hope Mills,NC,South,budget_or_pay_plan,,remains_unclear,non_base_compensation,conditional_with_caveats,directional_hint_only,non_base_compensation,,,CBSRD-20260728-578a8fced31a65b62695,"[""snippet_pointer_only"",""not_clear_side_anchor""]",true,true
WCCR-2678b9e174451bd897614aee,rated_span,combined_broad,WCRS-9f1c0a19c162178d82b18bb2,Purcellville,VA,South,wage_schedule,,remains_unclear,non_base_compensation,conditional_with_caveats,directional_hint_only,non_base_compensation,,,CBSRD-20260728-de3484d67484f75749dd,"[""snippet_pointer_only"",""not_clear_side_anchor""]",true,true
WCCR-8c8b7661931945ce0f217757,rated_span,combined_broad,WCRS-8f22365cc9d8f96ea79004ce,David City,NE,Midwest,other_local_government_pay_policy,,remains_unclear,non_base_compensation,conditional_with_caveats,directional_hint_only,non_base_compensation,,,CBSRD-20260728-d6a6b6e9a556d7ebc555,"[""snippet_pointer_only"",""not_clear_side_anchor""]",true,true
WCCR-7cad2932735b99afe99e4a7d,rated_span,combined_broad,WCRS-7e88983a9e42c19fef2457a8,Coronado,CA,West,mou_or_memorandum,,remains_unclear,non_base_compensation,conditional_with_caveats,directional_hint_only,non_base_compensation,,,CBSRD-20260728-5705a1e9eca44c076c1b,"[""snippet_pointer_only"",""not_clear_side_anchor""]",true,true
WCCR-7407ccecafe3fe0595d2ae9a,rated_span,combined_broad,WCRS-efc00efee30b6e4bb11bb471,Lebanon,IN,Midwest,salary_ordinance,,remains_unclear,non_base_compensation,conditional_with_caveats,directional_hint_only,non_base_compensation,,,CBSRD-20260728-0d1600d3e58ed436abe8,"[""snippet_pointer_only"",""not_clear_side_anchor""]",true,true
WCCR-6d792e9bd22d062e0bb423ab,rated_span,combined_broad,WCRS-13604b7646028d36a9393b86,Brunswick,ME,Northeast,cba,,remains_unclear,non_base_compensation,conditional_with_caveats,directional_hint_only,non_base_compensation,,,CBSRD-20260728-59f4b0cf189c239b1c00,"[""snippet_pointer_only"",""not_clear_side_anchor""]",true,true
WCCR-8090ac691425f58385ed8f5d,rated_span,combined_broad,WCRS-caa8f0482fef7ecb7b39a437,Carter Lake,IA,Midwest,cba,,remains_unclear,non_base_compensation,conditional_with_caveats,directional_hint_only,non_base_compensation,,,CBSRD-20260728-b80b2a830ffef14f3596,"[""snippet_pointer_only"",""not_clear_side_anchor""]",true,true
WCCR-eebfeda1aae3f66b30fb12aa,rated_span,combined_broad,WCRS-5b912e36f390c5aa9548370d,Chester,VT,Northeast,other_local_government_pay_policy,,remains_unclear,non_base_compensation,conditional_with_caveats,directional_hint_only,non_base_compensation,,,CBSRD-20260728-a9e46f349accaf15b7d6,"[""snippet_pointer_only"",""not_clear_side_anchor""]",true,true
WCCR-3386527322bf62c40de16342,rated_span,combined_broad,WCRS-318ee94e2a057f47e7a7c223,Oakwood,OH,Midwest,agenda_packet_or_minutes,,remains_unclear,non_base_compensation,conditional_with_caveats,directional_hint_only,non_base_compensation,,,CBSRD-20260728-0303f1e90d7a97633ac8,"[""snippet_pointer_only"",""not_clear_side_anchor""]",true,true
WCCR-92dedc1b0d31f8642c41e15a,rated_span,combined_broad,WCRS-dbc0ba4a4b8df405a498c458,Hanover,MA,Northeast,cba,,remains_unclear,non_base_compensation,conditional_with_caveats,directional_hint_only,non_base_compensation,,,CBSRD-20260728-ddbf2dfd6b4073475f39,"[""snippet_pointer_only"",""not_clear_side_anchor""]",true,true
WCCR-f2c8da00aeb62180bbfe54c4,rated_span,combined_broad,WCRS-2263203ef904dfd9fe7beba0,Richland,OH,Midwest,cba_or_compensation_study_or_classification_study_or_wage_schedule,,remains_unclear,non_base_compensation,conditional_with_caveats,directional_hint_only,non_base_compensation,,,CBSRD-20260728-7abff689482f692e3580,"[""snippet_pointer_only"",""not_clear_side_anchor""]",true,true
WCCR-0c490a5dfbff94b25ee7d939,rated_span,combined_broad,WCRS-bde6674ff320342b430fb1f2,Staples,MN,Midwest,wage_schedule,,remains_unclear,non_base_compensation,conditional_with_caveats,directional_hint_only,non_base_compensation,,,CBSRD-20260728-2e9f4f8ce625bb4558f6,"[""snippet_pointer_only"",""not_clear_side_anchor""]",true,true
WCCR-cf098b01aed6aa6389fc96f4,rated_span,combined_broad,WCRS-0e418a9cff544aba50590b02,Trenton,NJ,Northeast,wage_schedule,,remains_unclear,non_base_compensation,conditional_with_caveats,directional_hint_only,non_base_compensation,,,CBSRD-20260728-b534ec6721f9ee75f10e,"[""snippet_pointer_only"",""not_clear_side_anchor""]",true,true
WCCR-12f34d38036837c1e129b426,rated_span,combined_broad,WCRS-2fe528b4c7024450afab487b,Elim,AK,West,budget_or_pay_plan,,remains_unclear,non_base_compensation,conditional_with_caveats,directional_hint_only,non_base_compensation,,,CBSRD-20260728-e35d851c8521dd2f465e,"[""snippet_pointer_only"",""not_clear_side_anchor""]",true,true
WCCR-1cec3005f7fce10cb7225e93,rated_span,combined_broad,WCRS-a678b4434612c10302f0e97e,Rohnert Park,CA,West,collective_bargaining_agreement_or_moa_or_wage_schedule,,remains_unclear,non_base_compensation,conditional_with_caveats,directional_hint_only,non_base_compensation,,,CBSRD-20260728-67b5a06606cdc4e9272d,"[""snippet_pointer_only"",""not_clear_side_anchor""]",true,true
WCCR-31da4adb280ab0333f560a7f,rated_span,combined_broad,WCRS-6d31797320189b0659ab2041,Sulphur Springs,TX,South,personnel_policy,,remains_unclear,non_base_compensation,conditional_with_caveats,directional_hint_only,safety_advantage_signal,,,CBSRD-20260728-545f7ebcde8d154941bf,"[""snippet_pointer_only"",""not_clear_side_anchor""]",true,true
WCCR-3133b4917b55347881e10070,rated_span,combined_broad,WCRS-5ca636912ae010a772fde3b4,Harpswell,ME,Northeast,wage_schedule,,remains_unclear,non_base_compensation,conditional_with_caveats,directional_hint_only,non_base_compensation,,,CBSRD-20260728-497746dac754b87d3e3b,"[""snippet_pointer_only"",""not_clear_side_anchor""]",true,true
WCCR-18a28b0d67bf81c1e965280d,rated_span,combined_broad,WCRS-b4d18f21b3f9bb998f14853f,Danville,IN,Midwest,other_local_government_pay_policy,,remains_unclear,non_base_compensation,conditional_with_caveats,directional_hint_only,non_base_compensation,,,CBSRD-20260728-626cbfa1d1114e55d3b2,"[""snippet_pointer_only"",""not_clear_side_anchor""]",true,true
WCCR-8ea652d0bdb31027a81783c3,rated_span,combined_broad,WCRS-f48a1dafb37d321abb4fa719,Sudbury,MA,Northeast,wage_schedule,,remains_unclear,non_base_compensation,conditional_with_caveats,directional_hint_only,non_base_compensation,,,CBSRD-20260728-042a6f27e8ec33537991,"[""snippet_pointer_only"",""not_clear_side_anchor""]",true,true
WCCR-cbcf157d6735c68ccc6bd733,rated_span,combined_broad,WCRS-cbcd51c4026b8bddf2ef60da,Jamestown,RI,Northeast,cba,,remains_unclear,non_base_compensation,conditional_with_caveats,directional_hint_only,non_base_compensation,,,CBSRD-20260728-8781818819e7701bb63a,"[""snippet_pointer_only"",""not_clear_side_anchor""]",true,true
WCCR-c65a51cb560032cb86a97221,rated_span,combined_broad,WCRS-b2d6a23b7906dfabab64a842,Fairfield,CT,Northeast,cba,,remains_unclear,non_base_compensation,conditional_with_caveats,directional_hint_only,non_base_compensation,,,CBSRD-20260728-a2c443119a30892b31b9,"[""snippet_pointer_only"",""not_clear_side_anchor""]",true,true
WCCR-6c86aae35c2ba66b02bfec6b,rated_span,combined_broad,WCRS-b03104daf928838701b903d9,Caledonia,MI,Midwest,cba_or_compensation_study_or_classification_study_or_wage_schedule,,remains_unclear,non_base_compensation,conditional_with_caveats,directional_hint_only,non_base_compensation,,,CBSRD-20260728-10e140b879f75b61d430,"[""snippet_pointer_only"",""not_clear_side_anchor""]",true,true
WCCR-0393786b2c829a0b5b1f2e2e,rated_span,combined_broad,WCRS-e59ee6bc1bc54cf374b2f834,Huron charter,MI,Midwest,cba_or_compensation_study_or_classification_study_or_wage_schedule,,remains_unclear,non_base_compensation,conditional_with_caveats,directional_hint_only,non_base_compensation,,,CBSRD-20260728-76423b95718c30c34153,"[""snippet_pointer_only"",""not_clear_side_anchor""]",true,true
WCCR-8947b27f13357c74657194c2,rated_span,combined_broad,WCRS-cef41ee8794cb9317b4bc70a,Lovelock,NV,West,cba,,remains_unclear,non_base_compensation,conditional_with_caveats,directional_hint_only,non_base_compensation,,,CBSRD-20260728-20169d193a8880d02d4e,"[""snippet_pointer_only"",""not_clear_side_anchor""]",true,true
WCCR-d87e56fea776cb14a2b0b14b,rated_span,combined_broad,WCRS-b2600b4143fb93d6ea870b1d,Duxbury,MA,Northeast,compensation_study,,remains_unclear,non_base_compensation,conditional_with_caveats,directional_hint_only,non_base_compensation,,,CBSRD-20260728-8f473780981d45048240,"[""snippet_pointer_only"",""not_clear_side_anchor""]",true,true
WCCR-c3e8a8eeabf4f5e95e9bf32e,rated_span,combined_broad,WCRS-1be3d1dfa5fdd3d40cbd1bc6,Farmington,ME,Northeast,budget_or_pay_plan,,remains_unclear,non_base_compensation,conditional_with_caveats,directional_hint_only,non_base_compensation,,,CBSRD-20260728-fb806b225eec5ec99e14,"[""snippet_pointer_only"",""not_clear_side_anchor""]",true,true
WCCR-35a592a260061e25922e5dda,rated_span,combined_broad,WCRS-acb9c2213090c9b33cf1f5dc,Moriarty,NM,West,cba,,remains_unclear,non_base_compensation,conditional_with_caveats,directional_hint_only,non_base_compensation,,,CBSRD-20260728-fcb8c691ecb41df148c8,"[""snippet_pointer_only"",""not_clear_side_anchor""]",true,true
WCCR-7406a03c83effa3ae2d274fd,rated_span,combined_broad,WCRS-744b99ee9ab9d90ccb9e24f1,Hartselle,AL,South,budget_or_pay_plan,,remains_unclear,non_base_compensation,conditional_with_caveats,directional_hint_only,non_base_compensation,,,CBSRD-20260728-9316386549c65a839881,"[""snippet_pointer_only"",""not_clear_side_anchor""]",true,true
WCCR-0ef676698777ce2e17036acc,rated_span,combined_broad,WCRS-abcdf5f69ae497c4af327151,Lock Haven,PA,Northeast,cba,,remains_unclear,non_base_compensation,conditional_with_caveats,directional_hint_only,non_base_compensation,,,CBSRD-20260728-ed9344cc719add876982,"[""snippet_pointer_only"",""not_clear_side_anchor""]",true,true
WCCR-abf5eef9e7535543c402099f,rated_span,combined_broad,WCRS-f940c878a617af9014acc01a,New Castle,IN,Midwest,salary_ordinance,,remains_unclear,non_base_compensation,conditional_with_caveats,directional_hint_only,non_base_compensation,,,CBSRD-20260728-adcce3c196aeaf243d3d,"[""snippet_pointer_only"",""not_clear_side_anchor""]",true,true
WCCR-4ad14217ec58105e90e67246,rated_span,combined_broad,WCRS-8f946c21a7058c3f24deab8a,Lakewood,WA,West,collective_bargaining_agreement_or_moa_or_wage_schedule,,remains_unclear,non_base_compensation,conditional_with_caveats,directional_hint_only,non_base_compensation,,,CBSRD-20260728-106924d661ba78aa30ff,"[""snippet_pointer_only"",""not_clear_side_anchor""]",true,true
WCCR-04cd8bdb8d7e727cf8f2316b,rated_span,combined_broad,WCRS-caaeb1c4b439fa5e68e95f98,Waterford charter,MI,Midwest,salary_ordinance,,remains_unclear,non_base_compensation,conditional_with_caveats,directional_hint_only,non_base_compensation,,,CBSRD-20260728-4d68e2a40c16f34f4bbb,"[""snippet_pointer_only"",""not_clear_side_anchor""]",true,true
WCCR-5d32ae2e3ef948504c2a002d,rated_span,combined_broad,WCRS-7aad4cd7972875b6eb5d302a,Somerton,AZ,West,cba_or_compensation_study_or_classification_study_or_wage_schedule,,remains_unclear,non_base_compensation,conditional_with_caveats,directional_hint_only,non_base_compensation,,,CBSRD-20260728-7262e7f0e827df537214,"[""snippet_pointer_only"",""not_clear_side_anchor""]",true,true
WCCR-7e8d7bcd81fbd913334c6e09,rated_span,combined_broad,WCRS-1c7fdd03013b3f2bc022375f,Racine,WI,Midwest,collective_bargaining_agreement_or_moa_or_wage_schedule,,remains_unclear,non_base_compensation,conditional_with_caveats,directional_hint_only,retroactivity_implementation,,,CBSRD-20260728-f4536e42c12c22dec086,"[""snippet_pointer_only"",""not_clear_side_anchor""]",true,true
WCCR-b5a3d2d8066ecb051881a1af,rated_span,combined_broad,WCRS-41481e7235b30136c65afd59,Ventnor City,NJ,Northeast,cba,,remains_unclear,non_base_compensation,conditional_with_caveats,directional_hint_only,non_base_compensation,,,CBSRD-20260728-4d45d37662e5b521fc0a,"[""snippet_pointer_only"",""not_clear_side_anchor""]",true,true
WCCR-e169824d410f4ec9c1eb8675,rated_span,combined_broad,WCRS-9bd7bddbb365a8e01f9091e4,North Syracuse,NY,Northeast,wage_schedule,,remains_unclear,non_base_compensation,conditional_with_caveats,directional_hint_only,base_wage_direct_value,,,CBSRD-20260728-042955f7f116673483a1,"[""snippet_pointer_only"",""not_clear_side_anchor""]",true,true
WCCR-b8d5c4b049ad3687f5cf8ef8,rated_span,combined_broad,WCRS-4d1fbefd3155ceb0d2470f89,Manchester,VT,Northeast,cba,,remains_unclear,non_base_compensation,conditional_with_caveats,directional_hint_only,non_base_compensation,,,CBSRD-20260728-9f2316657f2d121210f9,"[""snippet_pointer_only"",""not_clear_side_anchor""]",true,true
WCCR-2be3d0dabcb52d06e50d3719,rated_span,combined_broad,WCRS-472eaea92bf2d96da945246f,Rochelle,IL,Midwest,cba,,remains_unclear,non_base_compensation,conditional_with_caveats,directional_hint_only,non_base_compensation,,,CBSRD-20260728-b8e9cfbb5491ba17903f,"[""snippet_pointer_only"",""not_clear_side_anchor""]",true,true
WCCR-80c616ace56684552605efb6,rated_span,combined_broad,WCRS-bbf0f2cffc9a9252ef329ea5,Phoenix,AZ,West,salary_ordinance,,remains_unclear,non_base_compensation,conditional_with_caveats,directional_hint_only,non_base_compensation,,,CBSRD-20260728-6622cdb083385095b33e,"[""snippet_pointer_only"",""not_clear_side_anchor""]",true,true
WCCR-f72155603662042e0c552120,rated_span,combined_broad,WCRS-e8173dea0fa6ecc1afbc3f8b,Smithville,MO,Midwest,cba,,remains_unclear,non_base_compensation,conditional_with_caveats,directional_hint_only,non_base_compensation,,,CBSRD-20260728-cc61c7ac4eff7b656213,"[""snippet_pointer_only"",""not_clear_side_anchor""]",true,true
WCCR-2b830e62f027962ce8fd9b09,rated_span,combined_broad,WCRS-a463bda24113a1abc66db313,Neptune Beach,FL,South,agenda_packet_or_minutes,,remains_unclear,non_base_compensation,conditional_with_caveats,directional_hint_only,non_base_compensation,,,CBSRD-20260728-c0c9b38fcc1c5864a40f,"[""snippet_pointer_only"",""not_clear_side_anchor""]",true,true
WCCR-afbca588e0f19d739f927990,rated_span,combined_broad,WCRS-594a854482446bf094a75a13,Angola,IN,Midwest,salary_ordinance,,remains_unclear,non_base_compensation,conditional_with_caveats,directional_hint_only,non_base_compensation,,,CBSRD-20260728-023c72922417e0e1d852,"[""snippet_pointer_only"",""not_clear_side_anchor""]",true,true
WCCR-ff2daf28006d9b4acfabcc73,rated_span,combined_broad,WCRS-035820c1d9cc2eaed07bf026,Fort Thomas,KY,South,other_local_government_pay_policy,,remains_unclear,non_base_compensation,conditional_with_caveats,directional_hint_only,non_base_compensation,,,CBSRD-20260728-8faa30e2522975e9a01e,"[""snippet_pointer_only"",""not_clear_side_anchor""]",true,true
WCCR-0e22fb2c43cb2ebbbe534bcc,rated_span,combined_broad,WCRS-f7fddabc17c3da3b1d02a665,Bridgton,ME,Northeast,cba,,remains_unclear,non_base_compensation,conditional_with_caveats,directional_hint_only,non_base_compensation,,,CBSRD-20260728-f932ea60f3869a2f5862,"[""snippet_pointer_only"",""not_clear_side_anchor""]",true,true
WCCR-3002c8a7496d8afa5d8d87cf,rated_span,combined_broad,WCRS-444c07d629eac13f9949654e,Mount Vernon,IL,Midwest,cba_or_compensation_study_or_classification_study_or_wage_schedule,,remains_unclear,non_base_compensation,conditional_with_caveats,directional_hint_only,non_base_compensation,,,CBSRD-20260728-19dba4148bbf2f4f31b7,"[""snippet_pointer_only"",""not_clear_side_anchor""]",true,true
WCCR-bdbabe78055cbf770322c1c5,rated_span,combined_broad,WCRS-9efdf0ece37b681f2e191d0f,Redwood Falls,MN,Midwest,cba,,remains_unclear,non_base_compensation,conditional_with_caveats,directional_hint_only,non_base_compensation,,,CBSRD-20260728-d501056020838844e966,"[""snippet_pointer_only"",""not_clear_side_anchor""]",true,true
WCCR-1c0d0d755c76a699507c51ef,rated_span,combined_broad,WCRS-88aeab5cd2c4810add185fc4,Horicon,WI,Midwest,arbitration_award,,remains_unclear,non_base_compensation,conditional_with_caveats,directional_hint_only,non_base_compensation,,,CBSRD-20260728-39af19b6c7bdf70ed862,"[""snippet_pointer_only"",""not_clear_side_anchor""]",true,true
WCCR-90ae589e3f08b434090f0692,rated_span,combined_broad,WCRS-ad1dd555f119b0cfb52cbdc2,Waynesville,NC,South,agenda_packet_or_minutes,,remains_unclear,non_base_compensation,conditional_with_caveats,directional_hint_only,non_base_compensation,,,CBSRD-20260728-29ac4c7e7e4faefc6387,"[""snippet_pointer_only"",""not_clear_side_anchor""]",true,true
WCCR-d8709aac7c699119a3c5c997,rated_span,combined_broad,WCRS-bd9413ffe876a88abfcd6325,Northfield,NJ,Northeast,cba,,remains_unclear,non_base_compensation,conditional_with_caveats,directional_hint_only,non_base_compensation,,,CBSRD-20260728-daa4f03e552168aaa913,"[""snippet_pointer_only"",""not_clear_side_anchor""]",true,true
