bytes,lane_id,ledger,pointer,repair_rule,row_count,sha256,shard_id,supersedes_pointer,filter_field,filter_value,filtered_row_count_total
7953364,reconciliation_lane_001,reconciled_observations,artifacts/local_structured_external_data/whole_corpus_external_data_exhaustive_pipeline_2026-08-04/reconciled_external_layers/lanes/reconciliation_lane_001/reconciled_observations_basis_repaired/reconciled_observations_shard_0000.jsonl.gz,BASIS-CANON-REPAIR-001,25000,f07ff535af1ae1c94cb6a9a38b5f4ee10b247cfb9e80273e1db6e3f078a25a03,reconciled_observations_shard_0000,artifacts/local_structured_external_data/whole_corpus_external_data_exhaustive_pipeline_2026-08-04/reconciled_external_layers/lanes/reconciliation_lane_001/reconciled_observations_period_repaired/reconciled_observations_shard_0000.jsonl.gz,growth_readiness,growth_pair_ready,0
8005431,reconciliation_lane_001,reconciled_observations,artifacts/local_structured_external_data/whole_corpus_external_data_exhaustive_pipeline_2026-08-04/reconciled_external_layers/lanes/reconciliation_lane_001/reconciled_observations_basis_repaired/reconciled_observations_shard_0001.jsonl.gz,BASIS-CANON-REPAIR-001,25000,a7e9ac98abc641a930e6ee439c183d61fabf48d5e9b29cc5a4be7125c43773bb,reconciled_observations_shard_0001,artifacts/local_structured_external_data/whole_corpus_external_data_exhaustive_pipeline_2026-08-04/reconciled_external_layers/lanes/reconciliation_lane_001/reconciled_observations_period_repaired/reconciled_observations_shard_0001.jsonl.gz,growth_readiness,growth_pair_ready,0
8018756,reconciliation_lane_001,reconciled_observations,artifacts/local_structured_external_data/whole_corpus_external_data_exhaustive_pipeline_2026-08-04/reconciled_external_layers/lanes/reconciliation_lane_001/reconciled_observations_basis_repaired/reconciled_observations_shard_0002.jsonl.gz,BASIS-CANON-REPAIR-001,25000,40c34cc533e2f6100c40fe8a4c0caa785b729006ea67275a598c8025132e120d,reconciled_observations_shard_0002,artifacts/local_structured_external_data/whole_corpus_external_data_exhaustive_pipeline_2026-08-04/reconciled_external_layers/lanes/reconciliation_lane_001/reconciled_observations_period_repaired/reconciled_observations_shard_0002.jsonl.gz,growth_readiness,growth_pair_ready,0
7849966,reconciliation_lane_001,reconciled_observations,artifacts/local_structured_external_data/whole_corpus_external_data_exhaustive_pipeline_2026-08-04/reconciled_external_layers/lanes/reconciliation_lane_001/reconciled_observations_basis_repaired/reconciled_observations_shard_0003.jsonl.gz,BASIS-CANON-REPAIR-001,25000,9ac99211f57f07b586c404f669f4a9a3c1a4637c4044652374774563c89acacc,reconciled_observations_shard_0003,artifacts/local_structured_external_data/whole_corpus_external_data_exhaustive_pipeline_2026-08-04/reconciled_external_layers/lanes/reconciliation_lane_001/reconciled_observations_period_repaired/reconciled_observations_shard_0003.jsonl.gz,growth_readiness,growth_pair_ready,0
7853016,reconciliation_lane_001,reconciled_observations,artifacts/local_structured_external_data/whole_corpus_external_data_exhaustive_pipeline_2026-08-04/reconciled_external_layers/lanes/reconciliation_lane_001/reconciled_observations_basis_repaired/reconciled_observations_shard_0004.jsonl.gz,BASIS-CANON-REPAIR-001,25000,fc7e73a803691a9b55afa110da9e6325c7b568c6f15a7ab3964919990c103bfa,reconciled_observations_shard_0004,artifacts/local_structured_external_data/whole_corpus_external_data_exhaustive_pipeline_2026-08-04/reconciled_external_layers/lanes/reconciliation_lane_001/reconciled_observations_period_repaired/reconciled_observations_shard_0004.jsonl.gz,growth_readiness,growth_pair_ready,0
7429514,reconciliation_lane_001,reconciled_observations,artifacts/local_structured_external_data/whole_corpus_external_data_exhaustive_pipeline_2026-08-04/reconciled_external_layers/lanes/reconciliation_lane_001/reconciled_observations_basis_repaired/reconciled_observations_shard_0005.jsonl.gz,BASIS-CANON-REPAIR-001,25000,8fdcec4caff8a87bedf6d401a98e6541411ecead74243c8c09ed95ea818788a1,reconciled_observations_shard_0005,artifacts/local_structured_external_data/whole_corpus_external_data_exhaustive_pipeline_2026-08-04/reconciled_external_layers/lanes/reconciliation_lane_001/reconciled_observations_period_repaired/reconciled_observations_shard_0005.jsonl.gz,growth_readiness,growth_pair_ready,0
7703442,reconciliation_lane_001,reconciled_observations,artifacts/local_structured_external_data/whole_corpus_external_data_exhaustive_pipeline_2026-08-04/reconciled_external_layers/lanes/reconciliation_lane_001/reconciled_observations_basis_repaired/reconciled_observations_shard_0006.jsonl.gz,BASIS-CANON-REPAIR-001,25000,a672c484635debd183ce96c5437906b8c4118bad5b06f2f2ec74197957e5d1cd,reconciled_observations_shard_0006,artifacts/local_structured_external_data/whole_corpus_external_data_exhaustive_pipeline_2026-08-04/reconciled_external_layers/lanes/reconciliation_lane_001/reconciled_observations_period_repaired/reconciled_observations_shard_0006.jsonl.gz,growth_readiness,growth_pair_ready,0
7712083,reconciliation_lane_001,reconciled_observations,artifacts/local_structured_external_data/whole_corpus_external_data_exhaustive_pipeline_2026-08-04/reconciled_external_layers/lanes/reconciliation_lane_001/reconciled_observations_basis_repaired/reconciled_observations_shard_0007.jsonl.gz,BASIS-CANON-REPAIR-001,25000,46f4b8083d6763483711f057d56abb1489a367d8a00b79f5facb73ca075a99c7,reconciled_observations_shard_0007,artifacts/local_structured_external_data/whole_corpus_external_data_exhaustive_pipeline_2026-08-04/reconciled_external_layers/lanes/reconciliation_lane_001/reconciled_observations_period_repaired/reconciled_observations_shard_0007.jsonl.gz,growth_readiness,growth_pair_ready,0
7897140,reconciliation_lane_001,reconciled_observations,artifacts/local_structured_external_data/whole_corpus_external_data_exhaustive_pipeline_2026-08-04/reconciled_external_layers/lanes/reconciliation_lane_001/reconciled_observations_basis_repaired/reconciled_observations_shard_0008.jsonl.gz,BASIS-CANON-REPAIR-001,25000,7759e9ea1b83a6fb7bebc7c0ac359e665f57d238263bc0ff6098e3b60df11e5f,reconciled_observations_shard_0008,artifacts/local_structured_external_data/whole_corpus_external_data_exhaustive_pipeline_2026-08-04/reconciled_external_layers/lanes/reconciliation_lane_001/reconciled_observations_period_repaired/reconciled_observations_shard_0008.jsonl.gz,growth_readiness,growth_pair_ready,0
7953597,reconciliation_lane_001,reconciled_observations,artifacts/local_structured_external_data/whole_corpus_external_data_exhaustive_pipeline_2026-08-04/reconciled_external_layers/lanes/reconciliation_lane_001/reconciled_observations_basis_repaired/reconciled_observations_shard_0009.jsonl.gz,BASIS-CANON-REPAIR-001,25000,890df5f1da4d898ba4176d8566bfcb9155755abb915bf146f299bfc23ad72cab,reconciled_observations_shard_0009,artifacts/local_structured_external_data/whole_corpus_external_data_exhaustive_pipeline_2026-08-04/reconciled_external_layers/lanes/reconciliation_lane_001/reconciled_observations_period_repaired/reconciled_observations_shard_0009.jsonl.gz,growth_readiness,growth_pair_ready,0
7693790,reconciliation_lane_001,reconciled_observations,artifacts/local_structured_external_data/whole_corpus_external_data_exhaustive_pipeline_2026-08-04/reconciled_external_layers/lanes/reconciliation_lane_001/reconciled_observations_basis_repaired/reconciled_observations_shard_0010.jsonl.gz,BASIS-CANON-REPAIR-001,25000,9b4e4b4ee7e1fc8fa4fbc0bb74eab79130c5a02ec20d7ba74ba07a803d760f44,reconciled_observations_shard_0010,artifacts/local_structured_external_data/whole_corpus_external_data_exhaustive_pipeline_2026-08-04/reconciled_external_layers/lanes/reconciliation_lane_001/reconciled_observations_period_repaired/reconciled_observations_shard_0010.jsonl.gz,growth_readiness,growth_pair_ready,0
7522733,reconciliation_lane_001,reconciled_observations,artifacts/local_structured_external_data/whole_corpus_external_data_exhaustive_pipeline_2026-08-04/reconciled_external_layers/lanes/reconciliation_lane_001/reconciled_observations_basis_repaired/reconciled_observations_shard_0011.jsonl.gz,BASIS-CANON-REPAIR-001,25000,8505dec9320fd8cc633af97428e0b9e6396d836a92ec1eebcc00b482d9eb44f8,reconciled_observations_shard_0011,artifacts/local_structured_external_data/whole_corpus_external_data_exhaustive_pipeline_2026-08-04/reconciled_external_layers/lanes/reconciliation_lane_001/reconciled_observations_period_repaired/reconciled_observations_shard_0011.jsonl.gz,growth_readiness,growth_pair_ready,0
7596330,reconciliation_lane_001,reconciled_observations,artifacts/local_structured_external_data/whole_corpus_external_data_exhaustive_pipeline_2026-08-04/reconciled_external_layers/lanes/reconciliation_lane_001/reconciled_observations_basis_repaired/reconciled_observations_shard_0012.jsonl.gz,BASIS-CANON-REPAIR-001,25000,1a29cd6b4e29a6b821b4113a34cbc2ca2f419340cc0c69d4cc434304bb487b34,reconciled_observations_shard_0012,artifacts/local_structured_external_data/whole_corpus_external_data_exhaustive_pipeline_2026-08-04/reconciled_external_layers/lanes/reconciliation_lane_001/reconciled_observations_period_repaired/reconciled_observations_shard_0012.jsonl.gz,growth_readiness,growth_pair_ready,0
7812855,reconciliation_lane_001,reconciled_observations,artifacts/local_structured_external_data/whole_corpus_external_data_exhaustive_pipeline_2026-08-04/reconciled_external_layers/lanes/reconciliation_lane_001/reconciled_observations_basis_repaired/reconciled_observations_shard_0013.jsonl.gz,BASIS-CANON-REPAIR-001,25000,a314de9984cb22030f2c8d3e7bd0d0d68c57221306638d4468b7bafce680cddb,reconciled_observations_shard_0013,artifacts/local_structured_external_data/whole_corpus_external_data_exhaustive_pipeline_2026-08-04/reconciled_external_layers/lanes/reconciliation_lane_001/reconciled_observations_period_repaired/reconciled_observations_shard_0013.jsonl.gz,growth_readiness,growth_pair_ready,0
7869780,reconciliation_lane_001,reconciled_observations,artifacts/local_structured_external_data/whole_corpus_external_data_exhaustive_pipeline_2026-08-04/reconciled_external_layers/lanes/reconciliation_lane_001/reconciled_observations_basis_repaired/reconciled_observations_shard_0014.jsonl.gz,BASIS-CANON-REPAIR-001,25000,01a2fff80dd198c9a297cb6e9042f65d8ab51949031c27d9e6ba197b914dd8e9,reconciled_observations_shard_0014,artifacts/local_structured_external_data/whole_corpus_external_data_exhaustive_pipeline_2026-08-04/reconciled_external_layers/lanes/reconciliation_lane_001/reconciled_observations_period_repaired/reconciled_observations_shard_0014.jsonl.gz,growth_readiness,growth_pair_ready,0
83221,reconciliation_lane_001,reconciled_observations,artifacts/local_structured_external_data/whole_corpus_external_data_exhaustive_pipeline_2026-08-04/reconciled_external_layers/lanes/reconciliation_lane_001/reconciled_observations_period_repaired/reconciled_observations_shard_0015.jsonl.gz,PERIOD-REPAIR-001,237,4fa9604aa840b1bbc1b1876f348318aed1d06e193191355eed4aa04d35be514d,reconciled_observations_shard_0015,artifacts/local_structured_external_data/whole_corpus_external_data_exhaustive_pipeline_2026-08-04/reconciled_external_layers/lanes/reconciliation_lane_001/reconciled_observations/reconciled_observations_shard_0015.jsonl.gz,growth_readiness,growth_pair_ready,0
7953511,reconciliation_lane_002,reconciled_observations,artifacts/local_structured_external_data/whole_corpus_external_data_exhaustive_pipeline_2026-08-04/reconciled_external_layers/lanes/reconciliation_lane_002/reconciled_observations_basis_repaired/reconciled_observations_shard_0000.jsonl.gz,BASIS-CANON-REPAIR-001,25000,a9c3006cd566b39100ce8d39de0d9a3a7e7c6096096e041dbfd1fecb9ec29403,reconciled_observations_shard_0000,artifacts/local_structured_external_data/whole_corpus_external_data_exhaustive_pipeline_2026-08-04/reconciled_external_layers/lanes/reconciliation_lane_002/reconciled_observations_period_repaired/reconciled_observations_shard_0000.jsonl.gz,growth_readiness,growth_pair_ready,0
8024419,reconciliation_lane_002,reconciled_observations,artifacts/local_structured_external_data/whole_corpus_external_data_exhaustive_pipeline_2026-08-04/reconciled_external_layers/lanes/reconciliation_lane_002/reconciled_observations_basis_repaired/reconciled_observations_shard_0001.jsonl.gz,BASIS-CANON-REPAIR-001,25000,803c7256d4e44164070761fbc6f0f6d2b4dcf57104f872647e52801af6be3195,reconciled_observations_shard_0001,artifacts/local_structured_external_data/whole_corpus_external_data_exhaustive_pipeline_2026-08-04/reconciled_external_layers/lanes/reconciliation_lane_002/reconciled_observations_period_repaired/reconciled_observations_shard_0001.jsonl.gz,growth_readiness,growth_pair_ready,0
8024176,reconciliation_lane_002,reconciled_observations,artifacts/local_structured_external_data/whole_corpus_external_data_exhaustive_pipeline_2026-08-04/reconciled_external_layers/lanes/reconciliation_lane_002/reconciled_observations_basis_repaired/reconciled_observations_shard_0002.jsonl.gz,BASIS-CANON-REPAIR-001,25000,e5a079fbb1b76a2d45af8a9355a0a39ea7ea82e795ce319f06443d5bb4930e96,reconciled_observations_shard_0002,artifacts/local_structured_external_data/whole_corpus_external_data_exhaustive_pipeline_2026-08-04/reconciled_external_layers/lanes/reconciliation_lane_002/reconciled_observations_period_repaired/reconciled_observations_shard_0002.jsonl.gz,growth_readiness,growth_pair_ready,0
7857338,reconciliation_lane_002,reconciled_observations,artifacts/local_structured_external_data/whole_corpus_external_data_exhaustive_pipeline_2026-08-04/reconciled_external_layers/lanes/reconciliation_lane_002/reconciled_observations_basis_repaired/reconciled_observations_shard_0003.jsonl.gz,BASIS-CANON-REPAIR-001,25000,f5a1e06b55c4e0e3c7709d65da5d8caf88671f2da1c9af1a30dffe33f4cd8eda,reconciled_observations_shard_0003,artifacts/local_structured_external_data/whole_corpus_external_data_exhaustive_pipeline_2026-08-04/reconciled_external_layers/lanes/reconciliation_lane_002/reconciled_observations_period_repaired/reconciled_observations_shard_0003.jsonl.gz,growth_readiness,growth_pair_ready,0
7859942,reconciliation_lane_002,reconciled_observations,artifacts/local_structured_external_data/whole_corpus_external_data_exhaustive_pipeline_2026-08-04/reconciled_external_layers/lanes/reconciliation_lane_002/reconciled_observations_basis_repaired/reconciled_observations_shard_0004.jsonl.gz,BASIS-CANON-REPAIR-001,25000,f07d846f09287ab014d73cd453c5c13e951c7f5a5a7bd299d9fae7ce1d140ee2,reconciled_observations_shard_0004,artifacts/local_structured_external_data/whole_corpus_external_data_exhaustive_pipeline_2026-08-04/reconciled_external_layers/lanes/reconciliation_lane_002/reconciled_observations_period_repaired/reconciled_observations_shard_0004.jsonl.gz,growth_readiness,growth_pair_ready,0
7426600,reconciliation_lane_002,reconciled_observations,artifacts/local_structured_external_data/whole_corpus_external_data_exhaustive_pipeline_2026-08-04/reconciled_external_layers/lanes/reconciliation_lane_002/reconciled_observations_basis_repaired/reconciled_observations_shard_0005.jsonl.gz,BASIS-CANON-REPAIR-001,25000,5ab351bcd0ae766bdb1f50e2027775c307f73599f097361ea6ec5e1fc6f06381,reconciled_observations_shard_0005,artifacts/local_structured_external_data/whole_corpus_external_data_exhaustive_pipeline_2026-08-04/reconciled_external_layers/lanes/reconciliation_lane_002/reconciled_observations_period_repaired/reconciled_observations_shard_0005.jsonl.gz,growth_readiness,growth_pair_ready,0
7699265,reconciliation_lane_002,reconciled_observations,artifacts/local_structured_external_data/whole_corpus_external_data_exhaustive_pipeline_2026-08-04/reconciled_external_layers/lanes/reconciliation_lane_002/reconciled_observations_basis_repaired/reconciled_observations_shard_0006.jsonl.gz,BASIS-CANON-REPAIR-001,25000,1b6198dae06f871dbb5aea47c9ca2099252141953561da0676696e4455158eb7,reconciled_observations_shard_0006,artifacts/local_structured_external_data/whole_corpus_external_data_exhaustive_pipeline_2026-08-04/reconciled_external_layers/lanes/reconciliation_lane_002/reconciled_observations_period_repaired/reconciled_observations_shard_0006.jsonl.gz,growth_readiness,growth_pair_ready,0
7709743,reconciliation_lane_002,reconciled_observations,artifacts/local_structured_external_data/whole_corpus_external_data_exhaustive_pipeline_2026-08-04/reconciled_external_layers/lanes/reconciliation_lane_002/reconciled_observations_basis_repaired/reconciled_observations_shard_0007.jsonl.gz,BASIS-CANON-REPAIR-001,25000,cdf8f36fa9bcaf57c675386071bf52752bfc67e2bb4dd2a3c099c4a0e5ca92e6,reconciled_observations_shard_0007,artifacts/local_structured_external_data/whole_corpus_external_data_exhaustive_pipeline_2026-08-04/reconciled_external_layers/lanes/reconciliation_lane_002/reconciled_observations_period_repaired/reconciled_observations_shard_0007.jsonl.gz,growth_readiness,growth_pair_ready,0
7903747,reconciliation_lane_002,reconciled_observations,artifacts/local_structured_external_data/whole_corpus_external_data_exhaustive_pipeline_2026-08-04/reconciled_external_layers/lanes/reconciliation_lane_002/reconciled_observations_basis_repaired/reconciled_observations_shard_0008.jsonl.gz,BASIS-CANON-REPAIR-001,25000,7f7d2a08c4e3b600d7412e84a1251098758da685bd42bd912d4147db4289330a,reconciled_observations_shard_0008,artifacts/local_structured_external_data/whole_corpus_external_data_exhaustive_pipeline_2026-08-04/reconciled_external_layers/lanes/reconciliation_lane_002/reconciled_observations_period_repaired/reconciled_observations_shard_0008.jsonl.gz,growth_readiness,growth_pair_ready,0
7956529,reconciliation_lane_002,reconciled_observations,artifacts/local_structured_external_data/whole_corpus_external_data_exhaustive_pipeline_2026-08-04/reconciled_external_layers/lanes/reconciliation_lane_002/reconciled_observations_basis_repaired/reconciled_observations_shard_0009.jsonl.gz,BASIS-CANON-REPAIR-001,25000,d1cf007b6351a93b946dddca2d7274fb2009b40b2fdea9cd03caa096c0375631,reconciled_observations_shard_0009,artifacts/local_structured_external_data/whole_corpus_external_data_exhaustive_pipeline_2026-08-04/reconciled_external_layers/lanes/reconciliation_lane_002/reconciled_observations_period_repaired/reconciled_observations_shard_0009.jsonl.gz,growth_readiness,growth_pair_ready,0
7700343,reconciliation_lane_002,reconciled_observations,artifacts/local_structured_external_data/whole_corpus_external_data_exhaustive_pipeline_2026-08-04/reconciled_external_layers/lanes/reconciliation_lane_002/reconciled_observations_basis_repaired/reconciled_observations_shard_0010.jsonl.gz,BASIS-CANON-REPAIR-001,25000,44ee61a915ce468740b42d4b8b22e0ccf48a3df4bc744b8d070395cdcb7c34c6,reconciled_observations_shard_0010,artifacts/local_structured_external_data/whole_corpus_external_data_exhaustive_pipeline_2026-08-04/reconciled_external_layers/lanes/reconciliation_lane_002/reconciled_observations_period_repaired/reconciled_observations_shard_0010.jsonl.gz,growth_readiness,growth_pair_ready,0
7514673,reconciliation_lane_002,reconciled_observations,artifacts/local_structured_external_data/whole_corpus_external_data_exhaustive_pipeline_2026-08-04/reconciled_external_layers/lanes/reconciliation_lane_002/reconciled_observations_basis_repaired/reconciled_observations_shard_0011.jsonl.gz,BASIS-CANON-REPAIR-001,25000,6ffa7b473075e8164a5687aad95564984a12f5747e77c863f37780f841e25ceb,reconciled_observations_shard_0011,artifacts/local_structured_external_data/whole_corpus_external_data_exhaustive_pipeline_2026-08-04/reconciled_external_layers/lanes/reconciliation_lane_002/reconciled_observations_period_repaired/reconciled_observations_shard_0011.jsonl.gz,growth_readiness,growth_pair_ready,0
7568102,reconciliation_lane_002,reconciled_observations,artifacts/local_structured_external_data/whole_corpus_external_data_exhaustive_pipeline_2026-08-04/reconciled_external_layers/lanes/reconciliation_lane_002/reconciled_observations_basis_repaired/reconciled_observations_shard_0012.jsonl.gz,BASIS-CANON-REPAIR-001,25000,72f4ba54c2fc95e360ca1a0d72e5bf306c286485a0ca1825c6181deb022f6dc1,reconciled_observations_shard_0012,artifacts/local_structured_external_data/whole_corpus_external_data_exhaustive_pipeline_2026-08-04/reconciled_external_layers/lanes/reconciliation_lane_002/reconciled_observations_period_repaired/reconciled_observations_shard_0012.jsonl.gz,growth_readiness,growth_pair_ready,0
7805677,reconciliation_lane_002,reconciled_observations,artifacts/local_structured_external_data/whole_corpus_external_data_exhaustive_pipeline_2026-08-04/reconciled_external_layers/lanes/reconciliation_lane_002/reconciled_observations_basis_repaired/reconciled_observations_shard_0013.jsonl.gz,BASIS-CANON-REPAIR-001,25000,4efb4c33ba97623d1f1144c70b7c58038726a265fa9c8be3be1c10f466712cc8,reconciled_observations_shard_0013,artifacts/local_structured_external_data/whole_corpus_external_data_exhaustive_pipeline_2026-08-04/reconciled_external_layers/lanes/reconciliation_lane_002/reconciled_observations_period_repaired/reconciled_observations_shard_0013.jsonl.gz,growth_readiness,growth_pair_ready,0
7879057,reconciliation_lane_002,reconciled_observations,artifacts/local_structured_external_data/whole_corpus_external_data_exhaustive_pipeline_2026-08-04/reconciled_external_layers/lanes/reconciliation_lane_002/reconciled_observations_basis_repaired/reconciled_observations_shard_0014.jsonl.gz,BASIS-CANON-REPAIR-001,25000,c1d5e81d6976630979c22c5528464ae03170140cccbbec8ae714d78ee29b0d6c,reconciled_observations_shard_0014,artifacts/local_structured_external_data/whole_corpus_external_data_exhaustive_pipeline_2026-08-04/reconciled_external_layers/lanes/reconciliation_lane_002/reconciled_observations_period_repaired/reconciled_observations_shard_0014.jsonl.gz,growth_readiness,growth_pair_ready,0
86005,reconciliation_lane_002,reconciled_observations,artifacts/local_structured_external_data/whole_corpus_external_data_exhaustive_pipeline_2026-08-04/reconciled_external_layers/lanes/reconciliation_lane_002/reconciled_observations_period_repaired/reconciled_observations_shard_0015.jsonl.gz,PERIOD-REPAIR-001,237,1603047ca98c8c2b3d915d6750f2cf80d29de19568ebd88e85f570b2de42a004,reconciled_observations_shard_0015,artifacts/local_structured_external_data/whole_corpus_external_data_exhaustive_pipeline_2026-08-04/reconciled_external_layers/lanes/reconciliation_lane_002/reconciled_observations/reconciled_observations_shard_0015.jsonl.gz,growth_readiness,growth_pair_ready,0
7953595,reconciliation_lane_003,reconciled_observations,artifacts/local_structured_external_data/whole_corpus_external_data_exhaustive_pipeline_2026-08-04/reconciled_external_layers/lanes/reconciliation_lane_003/reconciled_observations_basis_repaired/reconciled_observations_shard_0000.jsonl.gz,BASIS-CANON-REPAIR-001,25000,6d329186f7629635e0b3058f41d36f76a9b8fb165c7516fa5a46f48fee4100f2,reconciled_observations_shard_0000,artifacts/local_structured_external_data/whole_corpus_external_data_exhaustive_pipeline_2026-08-04/reconciled_external_layers/lanes/reconciliation_lane_003/reconciled_observations_period_repaired/reconciled_observations_shard_0000.jsonl.gz,growth_readiness,growth_pair_ready,0
8016154,reconciliation_lane_003,reconciled_observations,artifacts/local_structured_external_data/whole_corpus_external_data_exhaustive_pipeline_2026-08-04/reconciled_external_layers/lanes/reconciliation_lane_003/reconciled_observations_basis_repaired/reconciled_observations_shard_0001.jsonl.gz,BASIS-CANON-REPAIR-001,25000,92902cb126cc346bff665aff8837be71fbbb5e4daf77452b5f25b2b727bf74c1,reconciled_observations_shard_0001,artifacts/local_structured_external_data/whole_corpus_external_data_exhaustive_pipeline_2026-08-04/reconciled_external_layers/lanes/reconciliation_lane_003/reconciled_observations_period_repaired/reconciled_observations_shard_0001.jsonl.gz,growth_readiness,growth_pair_ready,0
8026300,reconciliation_lane_003,reconciled_observations,artifacts/local_structured_external_data/whole_corpus_external_data_exhaustive_pipeline_2026-08-04/reconciled_external_layers/lanes/reconciliation_lane_003/reconciled_observations_basis_repaired/reconciled_observations_shard_0002.jsonl.gz,BASIS-CANON-REPAIR-001,25000,2047483d1ab5222a0a6d0e1270bc97e9191b6c0ddbbba1e4cede587fbf95a6b3,reconciled_observations_shard_0002,artifacts/local_structured_external_data/whole_corpus_external_data_exhaustive_pipeline_2026-08-04/reconciled_external_layers/lanes/reconciliation_lane_003/reconciled_observations_period_repaired/reconciled_observations_shard_0002.jsonl.gz,growth_readiness,growth_pair_ready,0
7864299,reconciliation_lane_003,reconciled_observations,artifacts/local_structured_external_data/whole_corpus_external_data_exhaustive_pipeline_2026-08-04/reconciled_external_layers/lanes/reconciliation_lane_003/reconciled_observations_basis_repaired/reconciled_observations_shard_0003.jsonl.gz,BASIS-CANON-REPAIR-001,25000,ab9a818b7c996511476e11a66457137a1441a04108bf427a2357e868c16b16e3,reconciled_observations_shard_0003,artifacts/local_structured_external_data/whole_corpus_external_data_exhaustive_pipeline_2026-08-04/reconciled_external_layers/lanes/reconciliation_lane_003/reconciled_observations_period_repaired/reconciled_observations_shard_0003.jsonl.gz,growth_readiness,growth_pair_ready,0
7850150,reconciliation_lane_003,reconciled_observations,artifacts/local_structured_external_data/whole_corpus_external_data_exhaustive_pipeline_2026-08-04/reconciled_external_layers/lanes/reconciliation_lane_003/reconciled_observations_basis_repaired/reconciled_observations_shard_0004.jsonl.gz,BASIS-CANON-REPAIR-001,25000,228ce427d7d01ce89d25ca395a8b4af03ba113c5c85fc1a3f2a5b077dc8ac923,reconciled_observations_shard_0004,artifacts/local_structured_external_data/whole_corpus_external_data_exhaustive_pipeline_2026-08-04/reconciled_external_layers/lanes/reconciliation_lane_003/reconciled_observations_period_repaired/reconciled_observations_shard_0004.jsonl.gz,growth_readiness,growth_pair_ready,0
7429495,reconciliation_lane_003,reconciled_observations,artifacts/local_structured_external_data/whole_corpus_external_data_exhaustive_pipeline_2026-08-04/reconciled_external_layers/lanes/reconciliation_lane_003/reconciled_observations_basis_repaired/reconciled_observations_shard_0005.jsonl.gz,BASIS-CANON-REPAIR-001,25000,75c7b87aec203ab45880fc26c3c246e8ca749ce3b702a39dcb515ddb2d349e9c,reconciled_observations_shard_0005,artifacts/local_structured_external_data/whole_corpus_external_data_exhaustive_pipeline_2026-08-04/reconciled_external_layers/lanes/reconciliation_lane_003/reconciled_observations_period_repaired/reconciled_observations_shard_0005.jsonl.gz,growth_readiness,growth_pair_ready,0
7702459,reconciliation_lane_003,reconciled_observations,artifacts/local_structured_external_data/whole_corpus_external_data_exhaustive_pipeline_2026-08-04/reconciled_external_layers/lanes/reconciliation_lane_003/reconciled_observations_basis_repaired/reconciled_observations_shard_0006.jsonl.gz,BASIS-CANON-REPAIR-001,25000,4fd26131d7b8437f5fa66bd2fbff71067c1020d0d1c4aec65873c6f6c89301e7,reconciled_observations_shard_0006,artifacts/local_structured_external_data/whole_corpus_external_data_exhaustive_pipeline_2026-08-04/reconciled_external_layers/lanes/reconciliation_lane_003/reconciled_observations_period_repaired/reconciled_observations_shard_0006.jsonl.gz,growth_readiness,growth_pair_ready,0
7703578,reconciliation_lane_003,reconciled_observations,artifacts/local_structured_external_data/whole_corpus_external_data_exhaustive_pipeline_2026-08-04/reconciled_external_layers/lanes/reconciliation_lane_003/reconciled_observations_basis_repaired/reconciled_observations_shard_0007.jsonl.gz,BASIS-CANON-REPAIR-001,25000,4f8d0dbcaa038cfd42001dfd384747fd3129ea38ad441e2def3187d5f28d78bb,reconciled_observations_shard_0007,artifacts/local_structured_external_data/whole_corpus_external_data_exhaustive_pipeline_2026-08-04/reconciled_external_layers/lanes/reconciliation_lane_003/reconciled_observations_period_repaired/reconciled_observations_shard_0007.jsonl.gz,growth_readiness,growth_pair_ready,0
7903986,reconciliation_lane_003,reconciled_observations,artifacts/local_structured_external_data/whole_corpus_external_data_exhaustive_pipeline_2026-08-04/reconciled_external_layers/lanes/reconciliation_lane_003/reconciled_observations_basis_repaired/reconciled_observations_shard_0008.jsonl.gz,BASIS-CANON-REPAIR-001,25000,979a5c2589716b353c72b905b964bcd9f8c31497eb84f3f02ba08c6d3c7d07e5,reconciled_observations_shard_0008,artifacts/local_structured_external_data/whole_corpus_external_data_exhaustive_pipeline_2026-08-04/reconciled_external_layers/lanes/reconciliation_lane_003/reconciled_observations_period_repaired/reconciled_observations_shard_0008.jsonl.gz,growth_readiness,growth_pair_ready,0
7959180,reconciliation_lane_003,reconciled_observations,artifacts/local_structured_external_data/whole_corpus_external_data_exhaustive_pipeline_2026-08-04/reconciled_external_layers/lanes/reconciliation_lane_003/reconciled_observations_basis_repaired/reconciled_observations_shard_0009.jsonl.gz,BASIS-CANON-REPAIR-001,25000,94c4cc3fd69c9266465f780c76ea9e46740f50731a4b2048ee2d54b6b410faa4,reconciled_observations_shard_0009,artifacts/local_structured_external_data/whole_corpus_external_data_exhaustive_pipeline_2026-08-04/reconciled_external_layers/lanes/reconciliation_lane_003/reconciled_observations_period_repaired/reconciled_observations_shard_0009.jsonl.gz,growth_readiness,growth_pair_ready,0
7701845,reconciliation_lane_003,reconciled_observations,artifacts/local_structured_external_data/whole_corpus_external_data_exhaustive_pipeline_2026-08-04/reconciled_external_layers/lanes/reconciliation_lane_003/reconciled_observations_basis_repaired/reconciled_observations_shard_0010.jsonl.gz,BASIS-CANON-REPAIR-001,25000,2475b951b9ac9af53ba66eac8f248e4cfdcb7a6c72497b0ac8021fa08dc15a79,reconciled_observations_shard_0010,artifacts/local_structured_external_data/whole_corpus_external_data_exhaustive_pipeline_2026-08-04/reconciled_external_layers/lanes/reconciliation_lane_003/reconciled_observations_period_repaired/reconciled_observations_shard_0010.jsonl.gz,growth_readiness,growth_pair_ready,0
7523677,reconciliation_lane_003,reconciled_observations,artifacts/local_structured_external_data/whole_corpus_external_data_exhaustive_pipeline_2026-08-04/reconciled_external_layers/lanes/reconciliation_lane_003/reconciled_observations_basis_repaired/reconciled_observations_shard_0011.jsonl.gz,BASIS-CANON-REPAIR-001,25000,c6395392dd962ce16453a09dabbe1af09c2228dbe6a51410ddfb231af87759db,reconciled_observations_shard_0011,artifacts/local_structured_external_data/whole_corpus_external_data_exhaustive_pipeline_2026-08-04/reconciled_external_layers/lanes/reconciliation_lane_003/reconciled_observations_period_repaired/reconciled_observations_shard_0011.jsonl.gz,growth_readiness,growth_pair_ready,0
7591923,reconciliation_lane_003,reconciled_observations,artifacts/local_structured_external_data/whole_corpus_external_data_exhaustive_pipeline_2026-08-04/reconciled_external_layers/lanes/reconciliation_lane_003/reconciled_observations_basis_repaired/reconciled_observations_shard_0012.jsonl.gz,BASIS-CANON-REPAIR-001,25000,90d52f7fb624e5a5c6e015e991530616f9febed8131f392ea6e4879f69b9c936,reconciled_observations_shard_0012,artifacts/local_structured_external_data/whole_corpus_external_data_exhaustive_pipeline_2026-08-04/reconciled_external_layers/lanes/reconciliation_lane_003/reconciled_observations_period_repaired/reconciled_observations_shard_0012.jsonl.gz,growth_readiness,growth_pair_ready,0
7801326,reconciliation_lane_003,reconciled_observations,artifacts/local_structured_external_data/whole_corpus_external_data_exhaustive_pipeline_2026-08-04/reconciled_external_layers/lanes/reconciliation_lane_003/reconciled_observations_basis_repaired/reconciled_observations_shard_0013.jsonl.gz,BASIS-CANON-REPAIR-001,25000,ecbba6dd3682e7c6bad50ee41c47a880cfba3eda0703e8efd7fca1eb57bec2f6,reconciled_observations_shard_0013,artifacts/local_structured_external_data/whole_corpus_external_data_exhaustive_pipeline_2026-08-04/reconciled_external_layers/lanes/reconciliation_lane_003/reconciled_observations_period_repaired/reconciled_observations_shard_0013.jsonl.gz,growth_readiness,growth_pair_ready,0
7879414,reconciliation_lane_003,reconciled_observations,artifacts/local_structured_external_data/whole_corpus_external_data_exhaustive_pipeline_2026-08-04/reconciled_external_layers/lanes/reconciliation_lane_003/reconciled_observations_basis_repaired/reconciled_observations_shard_0014.jsonl.gz,BASIS-CANON-REPAIR-001,25000,88b2ee776c94a7d2d44f5e2493bef7e1099a761fa8e6e7194992ed9512bf4ee1,reconciled_observations_shard_0014,artifacts/local_structured_external_data/whole_corpus_external_data_exhaustive_pipeline_2026-08-04/reconciled_external_layers/lanes/reconciliation_lane_003/reconciled_observations_period_repaired/reconciled_observations_shard_0014.jsonl.gz,growth_readiness,growth_pair_ready,0
84462,reconciliation_lane_003,reconciled_observations,artifacts/local_structured_external_data/whole_corpus_external_data_exhaustive_pipeline_2026-08-04/reconciled_external_layers/lanes/reconciliation_lane_003/reconciled_observations_period_repaired/reconciled_observations_shard_0015.jsonl.gz,PERIOD-REPAIR-001,237,c777064a8809bfb3d1e7d60b3590581cbf0c4cf97f7ee5eaa15516d31f2c2794,reconciled_observations_shard_0015,artifacts/local_structured_external_data/whole_corpus_external_data_exhaustive_pipeline_2026-08-04/reconciled_external_layers/lanes/reconciliation_lane_003/reconciled_observations/reconciled_observations_shard_0015.jsonl.gz,growth_readiness,growth_pair_ready,0
7963680,reconciliation_lane_004,reconciled_observations,artifacts/local_structured_external_data/whole_corpus_external_data_exhaustive_pipeline_2026-08-04/reconciled_external_layers/lanes/reconciliation_lane_004/reconciled_observations_basis_repaired/reconciled_observations_shard_0000.jsonl.gz,BASIS-CANON-REPAIR-001,25000,671df05e103634d3ba4cb905b50f705b7282126aa1212c499170a21136249137,reconciled_observations_shard_0000,artifacts/local_structured_external_data/whole_corpus_external_data_exhaustive_pipeline_2026-08-04/reconciled_external_layers/lanes/reconciliation_lane_004/reconciled_observations_period_repaired/reconciled_observations_shard_0000.jsonl.gz,growth_readiness,growth_pair_ready,0
8013986,reconciliation_lane_004,reconciled_observations,artifacts/local_structured_external_data/whole_corpus_external_data_exhaustive_pipeline_2026-08-04/reconciled_external_layers/lanes/reconciliation_lane_004/reconciled_observations_basis_repaired/reconciled_observations_shard_0001.jsonl.gz,BASIS-CANON-REPAIR-001,25000,b86026abd2bcc7c7d68dee2bdbd51e199eeec444f2daaa8e2e642e386bac0a3b,reconciled_observations_shard_0001,artifacts/local_structured_external_data/whole_corpus_external_data_exhaustive_pipeline_2026-08-04/reconciled_external_layers/lanes/reconciliation_lane_004/reconciled_observations_period_repaired/reconciled_observations_shard_0001.jsonl.gz,growth_readiness,growth_pair_ready,0
8022345,reconciliation_lane_004,reconciled_observations,artifacts/local_structured_external_data/whole_corpus_external_data_exhaustive_pipeline_2026-08-04/reconciled_external_layers/lanes/reconciliation_lane_004/reconciled_observations_basis_repaired/reconciled_observations_shard_0002.jsonl.gz,BASIS-CANON-REPAIR-001,25000,aaca6ddf77382cb31349c52a4d3d1c7366b1348e17b76a5f8e1b88505181c104,reconciled_observations_shard_0002,artifacts/local_structured_external_data/whole_corpus_external_data_exhaustive_pipeline_2026-08-04/reconciled_external_layers/lanes/reconciliation_lane_004/reconciled_observations_period_repaired/reconciled_observations_shard_0002.jsonl.gz,growth_readiness,growth_pair_ready,0
7870046,reconciliation_lane_004,reconciled_observations,artifacts/local_structured_external_data/whole_corpus_external_data_exhaustive_pipeline_2026-08-04/reconciled_external_layers/lanes/reconciliation_lane_004/reconciled_observations_basis_repaired/reconciled_observations_shard_0003.jsonl.gz,BASIS-CANON-REPAIR-001,25000,2a0cca1190991dccd303a3bc0a18136f8073250aec68da9a1751dc5c2064f859,reconciled_observations_shard_0003,artifacts/local_structured_external_data/whole_corpus_external_data_exhaustive_pipeline_2026-08-04/reconciled_external_layers/lanes/reconciliation_lane_004/reconciled_observations_period_repaired/reconciled_observations_shard_0003.jsonl.gz,growth_readiness,growth_pair_ready,0
7862728,reconciliation_lane_004,reconciled_observations,artifacts/local_structured_external_data/whole_corpus_external_data_exhaustive_pipeline_2026-08-04/reconciled_external_layers/lanes/reconciliation_lane_004/reconciled_observations_basis_repaired/reconciled_observations_shard_0004.jsonl.gz,BASIS-CANON-REPAIR-001,25000,0461029d0c935db5854f671691ad853872a8d44e548a7b0050854bd7f62951d1,reconciled_observations_shard_0004,artifacts/local_structured_external_data/whole_corpus_external_data_exhaustive_pipeline_2026-08-04/reconciled_external_layers/lanes/reconciliation_lane_004/reconciled_observations_period_repaired/reconciled_observations_shard_0004.jsonl.gz,growth_readiness,growth_pair_ready,0
7433947,reconciliation_lane_004,reconciled_observations,artifacts/local_structured_external_data/whole_corpus_external_data_exhaustive_pipeline_2026-08-04/reconciled_external_layers/lanes/reconciliation_lane_004/reconciled_observations_basis_repaired/reconciled_observations_shard_0005.jsonl.gz,BASIS-CANON-REPAIR-001,25000,7d19ec789ce4c4a84d5d9661064e0fc0cfb4196c4123218143adc0da56746b26,reconciled_observations_shard_0005,artifacts/local_structured_external_data/whole_corpus_external_data_exhaustive_pipeline_2026-08-04/reconciled_external_layers/lanes/reconciliation_lane_004/reconciled_observations_period_repaired/reconciled_observations_shard_0005.jsonl.gz,growth_readiness,growth_pair_ready,0
7689607,reconciliation_lane_004,reconciled_observations,artifacts/local_structured_external_data/whole_corpus_external_data_exhaustive_pipeline_2026-08-04/reconciled_external_layers/lanes/reconciliation_lane_004/reconciled_observations_basis_repaired/reconciled_observations_shard_0006.jsonl.gz,BASIS-CANON-REPAIR-001,25000,2269bd6d891ad82636de6a74313384c2b51af99f20808a0105d0314d2498b0f5,reconciled_observations_shard_0006,artifacts/local_structured_external_data/whole_corpus_external_data_exhaustive_pipeline_2026-08-04/reconciled_external_layers/lanes/reconciliation_lane_004/reconciled_observations_period_repaired/reconciled_observations_shard_0006.jsonl.gz,growth_readiness,growth_pair_ready,0
7713285,reconciliation_lane_004,reconciled_observations,artifacts/local_structured_external_data/whole_corpus_external_data_exhaustive_pipeline_2026-08-04/reconciled_external_layers/lanes/reconciliation_lane_004/reconciled_observations_basis_repaired/reconciled_observations_shard_0007.jsonl.gz,BASIS-CANON-REPAIR-001,25000,0f753c376b608c0070e7b1191bee0976e3c67dcdb896bf22729e291861818639,reconciled_observations_shard_0007,artifacts/local_structured_external_data/whole_corpus_external_data_exhaustive_pipeline_2026-08-04/reconciled_external_layers/lanes/reconciliation_lane_004/reconciled_observations_period_repaired/reconciled_observations_shard_0007.jsonl.gz,growth_readiness,growth_pair_ready,0
7898086,reconciliation_lane_004,reconciled_observations,artifacts/local_structured_external_data/whole_corpus_external_data_exhaustive_pipeline_2026-08-04/reconciled_external_layers/lanes/reconciliation_lane_004/reconciled_observations_basis_repaired/reconciled_observations_shard_0008.jsonl.gz,BASIS-CANON-REPAIR-001,25000,3727726b040bcfe291706d9c1d49d4a1f676345209ccb4f0c82ecf65eab0908e,reconciled_observations_shard_0008,artifacts/local_structured_external_data/whole_corpus_external_data_exhaustive_pipeline_2026-08-04/reconciled_external_layers/lanes/reconciliation_lane_004/reconciled_observations_period_repaired/reconciled_observations_shard_0008.jsonl.gz,growth_readiness,growth_pair_ready,0
7958104,reconciliation_lane_004,reconciled_observations,artifacts/local_structured_external_data/whole_corpus_external_data_exhaustive_pipeline_2026-08-04/reconciled_external_layers/lanes/reconciliation_lane_004/reconciled_observations_basis_repaired/reconciled_observations_shard_0009.jsonl.gz,BASIS-CANON-REPAIR-001,25000,ae916bb53f3d8845c568439502f804f200c331dd99d7a26bd26385d08cdb0573,reconciled_observations_shard_0009,artifacts/local_structured_external_data/whole_corpus_external_data_exhaustive_pipeline_2026-08-04/reconciled_external_layers/lanes/reconciliation_lane_004/reconciled_observations_period_repaired/reconciled_observations_shard_0009.jsonl.gz,growth_readiness,growth_pair_ready,0
7703758,reconciliation_lane_004,reconciled_observations,artifacts/local_structured_external_data/whole_corpus_external_data_exhaustive_pipeline_2026-08-04/reconciled_external_layers/lanes/reconciliation_lane_004/reconciled_observations_basis_repaired/reconciled_observations_shard_0010.jsonl.gz,BASIS-CANON-REPAIR-001,25000,36e29732eb3c405ac436a4b4dac64c6faf9ffcec7d96b935750aa3d00471e897,reconciled_observations_shard_0010,artifacts/local_structured_external_data/whole_corpus_external_data_exhaustive_pipeline_2026-08-04/reconciled_external_layers/lanes/reconciliation_lane_004/reconciled_observations_period_repaired/reconciled_observations_shard_0010.jsonl.gz,growth_readiness,growth_pair_ready,0
7529513,reconciliation_lane_004,reconciled_observations,artifacts/local_structured_external_data/whole_corpus_external_data_exhaustive_pipeline_2026-08-04/reconciled_external_layers/lanes/reconciliation_lane_004/reconciled_observations_basis_repaired/reconciled_observations_shard_0011.jsonl.gz,BASIS-CANON-REPAIR-001,25000,55bc73e7977cf7a4dd0d38f57d2687c74fcb9b587d1c1ba767566f5a32a21d8d,reconciled_observations_shard_0011,artifacts/local_structured_external_data/whole_corpus_external_data_exhaustive_pipeline_2026-08-04/reconciled_external_layers/lanes/reconciliation_lane_004/reconciled_observations_period_repaired/reconciled_observations_shard_0011.jsonl.gz,growth_readiness,growth_pair_ready,0
7579318,reconciliation_lane_004,reconciled_observations,artifacts/local_structured_external_data/whole_corpus_external_data_exhaustive_pipeline_2026-08-04/reconciled_external_layers/lanes/reconciliation_lane_004/reconciled_observations_basis_repaired/reconciled_observations_shard_0012.jsonl.gz,BASIS-CANON-REPAIR-001,25000,a7801228da009f24c072fbeb0286b83afda00c0ba3f069811f97e4a5bf935118,reconciled_observations_shard_0012,artifacts/local_structured_external_data/whole_corpus_external_data_exhaustive_pipeline_2026-08-04/reconciled_external_layers/lanes/reconciliation_lane_004/reconciled_observations_period_repaired/reconciled_observations_shard_0012.jsonl.gz,growth_readiness,growth_pair_ready,0
7809420,reconciliation_lane_004,reconciled_observations,artifacts/local_structured_external_data/whole_corpus_external_data_exhaustive_pipeline_2026-08-04/reconciled_external_layers/lanes/reconciliation_lane_004/reconciled_observations_basis_repaired/reconciled_observations_shard_0013.jsonl.gz,BASIS-CANON-REPAIR-001,25000,4dc861d6bbd1111df82782cc367c65e8fa2f0dd64782d9e5957d8151c533a97c,reconciled_observations_shard_0013,artifacts/local_structured_external_data/whole_corpus_external_data_exhaustive_pipeline_2026-08-04/reconciled_external_layers/lanes/reconciliation_lane_004/reconciled_observations_period_repaired/reconciled_observations_shard_0013.jsonl.gz,growth_readiness,growth_pair_ready,0
7888408,reconciliation_lane_004,reconciled_observations,artifacts/local_structured_external_data/whole_corpus_external_data_exhaustive_pipeline_2026-08-04/reconciled_external_layers/lanes/reconciliation_lane_004/reconciled_observations_basis_repaired/reconciled_observations_shard_0014.jsonl.gz,BASIS-CANON-REPAIR-001,25000,35222e9995c0fbd9a05a5503eee1a86baa5fd9afe4142606612885c15baf4058,reconciled_observations_shard_0014,artifacts/local_structured_external_data/whole_corpus_external_data_exhaustive_pipeline_2026-08-04/reconciled_external_layers/lanes/reconciliation_lane_004/reconciled_observations_period_repaired/reconciled_observations_shard_0014.jsonl.gz,growth_readiness,growth_pair_ready,0
83252,reconciliation_lane_004,reconciled_observations,artifacts/local_structured_external_data/whole_corpus_external_data_exhaustive_pipeline_2026-08-04/reconciled_external_layers/lanes/reconciliation_lane_004/reconciled_observations_basis_repaired/reconciled_observations_shard_0015.jsonl.gz,BASIS-CANON-REPAIR-001,236,2fd0505da08d515b26485935e8f492884afb18e5ae2c32014931a61688f719ff,reconciled_observations_shard_0015,artifacts/local_structured_external_data/whole_corpus_external_data_exhaustive_pipeline_2026-08-04/reconciled_external_layers/lanes/reconciliation_lane_004/reconciled_observations_period_repaired/reconciled_observations_shard_0015.jsonl.gz,growth_readiness,growth_pair_ready,0
7957101,reconciliation_lane_005,reconciled_observations,artifacts/local_structured_external_data/whole_corpus_external_data_exhaustive_pipeline_2026-08-04/reconciled_external_layers/lanes/reconciliation_lane_005/reconciled_observations_basis_repaired/reconciled_observations_shard_0000.jsonl.gz,BASIS-CANON-REPAIR-001,25000,0787ffbbeb48fa40d7041b7b47773c982b7f59ea4a35090cbb8e13fa81feff18,reconciled_observations_shard_0000,artifacts/local_structured_external_data/whole_corpus_external_data_exhaustive_pipeline_2026-08-04/reconciled_external_layers/lanes/reconciliation_lane_005/reconciled_observations_period_repaired/reconciled_observations_shard_0000.jsonl.gz,growth_readiness,growth_pair_ready,0
7995423,reconciliation_lane_005,reconciled_observations,artifacts/local_structured_external_data/whole_corpus_external_data_exhaustive_pipeline_2026-08-04/reconciled_external_layers/lanes/reconciliation_lane_005/reconciled_observations_basis_repaired/reconciled_observations_shard_0001.jsonl.gz,BASIS-CANON-REPAIR-001,25000,4fcbeb48c37913d4b8cb50331dfb7f4d5db979206e0420dd585a8e851f188d8d,reconciled_observations_shard_0001,artifacts/local_structured_external_data/whole_corpus_external_data_exhaustive_pipeline_2026-08-04/reconciled_external_layers/lanes/reconciliation_lane_005/reconciled_observations_period_repaired/reconciled_observations_shard_0001.jsonl.gz,growth_readiness,growth_pair_ready,0
8011394,reconciliation_lane_005,reconciled_observations,artifacts/local_structured_external_data/whole_corpus_external_data_exhaustive_pipeline_2026-08-04/reconciled_external_layers/lanes/reconciliation_lane_005/reconciled_observations_basis_repaired/reconciled_observations_shard_0002.jsonl.gz,BASIS-CANON-REPAIR-001,25000,3f4647e270510567b130b511dac274e45eabf141adad1b69541a63de3bebdb35,reconciled_observations_shard_0002,artifacts/local_structured_external_data/whole_corpus_external_data_exhaustive_pipeline_2026-08-04/reconciled_external_layers/lanes/reconciliation_lane_005/reconciled_observations_period_repaired/reconciled_observations_shard_0002.jsonl.gz,growth_readiness,growth_pair_ready,0
7862981,reconciliation_lane_005,reconciled_observations,artifacts/local_structured_external_data/whole_corpus_external_data_exhaustive_pipeline_2026-08-04/reconciled_external_layers/lanes/reconciliation_lane_005/reconciled_observations_basis_repaired/reconciled_observations_shard_0003.jsonl.gz,BASIS-CANON-REPAIR-001,25000,cb59e899042768ab91ce793b88b3bf0e123a27bc740a4b111b491c295e0e9966,reconciled_observations_shard_0003,artifacts/local_structured_external_data/whole_corpus_external_data_exhaustive_pipeline_2026-08-04/reconciled_external_layers/lanes/reconciliation_lane_005/reconciled_observations_period_repaired/reconciled_observations_shard_0003.jsonl.gz,growth_readiness,growth_pair_ready,0
7850125,reconciliation_lane_005,reconciled_observations,artifacts/local_structured_external_data/whole_corpus_external_data_exhaustive_pipeline_2026-08-04/reconciled_external_layers/lanes/reconciliation_lane_005/reconciled_observations_basis_repaired/reconciled_observations_shard_0004.jsonl.gz,BASIS-CANON-REPAIR-001,25000,43f8076e85fd6e267a3787d85e8d96c3c184ca6c25b4c6f034843d71b1a3d29f,reconciled_observations_shard_0004,artifacts/local_structured_external_data/whole_corpus_external_data_exhaustive_pipeline_2026-08-04/reconciled_external_layers/lanes/reconciliation_lane_005/reconciled_observations_period_repaired/reconciled_observations_shard_0004.jsonl.gz,growth_readiness,growth_pair_ready,0
7429018,reconciliation_lane_005,reconciled_observations,artifacts/local_structured_external_data/whole_corpus_external_data_exhaustive_pipeline_2026-08-04/reconciled_external_layers/lanes/reconciliation_lane_005/reconciled_observations_basis_repaired/reconciled_observations_shard_0005.jsonl.gz,BASIS-CANON-REPAIR-001,25000,9bb048b8ceb894efda097bfb79949885511b9fd338c16539604ad9624e4d74e3,reconciled_observations_shard_0005,artifacts/local_structured_external_data/whole_corpus_external_data_exhaustive_pipeline_2026-08-04/reconciled_external_layers/lanes/reconciliation_lane_005/reconciled_observations_period_repaired/reconciled_observations_shard_0005.jsonl.gz,growth_readiness,growth_pair_ready,0
7693848,reconciliation_lane_005,reconciled_observations,artifacts/local_structured_external_data/whole_corpus_external_data_exhaustive_pipeline_2026-08-04/reconciled_external_layers/lanes/reconciliation_lane_005/reconciled_observations_basis_repaired/reconciled_observations_shard_0006.jsonl.gz,BASIS-CANON-REPAIR-001,25000,e41cea4f688ab40dd20361e7a1f35921ec5bd5e840ce8e078d8339517d78a2dc,reconciled_observations_shard_0006,artifacts/local_structured_external_data/whole_corpus_external_data_exhaustive_pipeline_2026-08-04/reconciled_external_layers/lanes/reconciliation_lane_005/reconciled_observations_period_repaired/reconciled_observations_shard_0006.jsonl.gz,growth_readiness,growth_pair_ready,0
7721969,reconciliation_lane_005,reconciled_observations,artifacts/local_structured_external_data/whole_corpus_external_data_exhaustive_pipeline_2026-08-04/reconciled_external_layers/lanes/reconciliation_lane_005/reconciled_observations_basis_repaired/reconciled_observations_shard_0007.jsonl.gz,BASIS-CANON-REPAIR-001,25000,5af8dbb6c55b1f2e75705ac40842b3952e3bab06a52a25556b60fba87f9cc960,reconciled_observations_shard_0007,artifacts/local_structured_external_data/whole_corpus_external_data_exhaustive_pipeline_2026-08-04/reconciled_external_layers/lanes/reconciliation_lane_005/reconciled_observations_period_repaired/reconciled_observations_shard_0007.jsonl.gz,growth_readiness,growth_pair_ready,0
7890272,reconciliation_lane_005,reconciled_observations,artifacts/local_structured_external_data/whole_corpus_external_data_exhaustive_pipeline_2026-08-04/reconciled_external_layers/lanes/reconciliation_lane_005/reconciled_observations_basis_repaired/reconciled_observations_shard_0008.jsonl.gz,BASIS-CANON-REPAIR-001,25000,663cb7970a88ec7bb5eafe0b7467943f893ba4a0e7af43eeb7f887a120fd3994,reconciled_observations_shard_0008,artifacts/local_structured_external_data/whole_corpus_external_data_exhaustive_pipeline_2026-08-04/reconciled_external_layers/lanes/reconciliation_lane_005/reconciled_observations_period_repaired/reconciled_observations_shard_0008.jsonl.gz,growth_readiness,growth_pair_ready,0
7951571,reconciliation_lane_005,reconciled_observations,artifacts/local_structured_external_data/whole_corpus_external_data_exhaustive_pipeline_2026-08-04/reconciled_external_layers/lanes/reconciliation_lane_005/reconciled_observations_basis_repaired/reconciled_observations_shard_0009.jsonl.gz,BASIS-CANON-REPAIR-001,25000,630da7e28f9e5589a0a8e3a98d6e2397de8e056333e61ebc1bb13e812f6bbba1,reconciled_observations_shard_0009,artifacts/local_structured_external_data/whole_corpus_external_data_exhaustive_pipeline_2026-08-04/reconciled_external_layers/lanes/reconciliation_lane_005/reconciled_observations_period_repaired/reconciled_observations_shard_0009.jsonl.gz,growth_readiness,growth_pair_ready,0
7683942,reconciliation_lane_005,reconciled_observations,artifacts/local_structured_external_data/whole_corpus_external_data_exhaustive_pipeline_2026-08-04/reconciled_external_layers/lanes/reconciliation_lane_005/reconciled_observations_basis_repaired/reconciled_observations_shard_0010.jsonl.gz,BASIS-CANON-REPAIR-001,25000,801fd7c535d9c3a99417c85ebd242fff96af474a8edaaec49abb3ce5a684b515,reconciled_observations_shard_0010,artifacts/local_structured_external_data/whole_corpus_external_data_exhaustive_pipeline_2026-08-04/reconciled_external_layers/lanes/reconciliation_lane_005/reconciled_observations_period_repaired/reconciled_observations_shard_0010.jsonl.gz,growth_readiness,growth_pair_ready,0
7527186,reconciliation_lane_005,reconciled_observations,artifacts/local_structured_external_data/whole_corpus_external_data_exhaustive_pipeline_2026-08-04/reconciled_external_layers/lanes/reconciliation_lane_005/reconciled_observations_basis_repaired/reconciled_observations_shard_0011.jsonl.gz,BASIS-CANON-REPAIR-001,25000,8b80c73f73cac92be30fdfb632e045b64add4af48457086f088a78ed92eff40a,reconciled_observations_shard_0011,artifacts/local_structured_external_data/whole_corpus_external_data_exhaustive_pipeline_2026-08-04/reconciled_external_layers/lanes/reconciliation_lane_005/reconciled_observations_period_repaired/reconciled_observations_shard_0011.jsonl.gz,growth_readiness,growth_pair_ready,0
7597523,reconciliation_lane_005,reconciled_observations,artifacts/local_structured_external_data/whole_corpus_external_data_exhaustive_pipeline_2026-08-04/reconciled_external_layers/lanes/reconciliation_lane_005/reconciled_observations_basis_repaired/reconciled_observations_shard_0012.jsonl.gz,BASIS-CANON-REPAIR-001,25000,4d977fb404d3b5dfe20f361f4432dfac92507e8cd438ad83f7a4db209173d112,reconciled_observations_shard_0012,artifacts/local_structured_external_data/whole_corpus_external_data_exhaustive_pipeline_2026-08-04/reconciled_external_layers/lanes/reconciliation_lane_005/reconciled_observations_period_repaired/reconciled_observations_shard_0012.jsonl.gz,growth_readiness,growth_pair_ready,0
7808912,reconciliation_lane_005,reconciled_observations,artifacts/local_structured_external_data/whole_corpus_external_data_exhaustive_pipeline_2026-08-04/reconciled_external_layers/lanes/reconciliation_lane_005/reconciled_observations_basis_repaired/reconciled_observations_shard_0013.jsonl.gz,BASIS-CANON-REPAIR-001,25000,90f98bde3c428459cca4f03dbf07a1b0e52445228ed5a19fa0b68127c82464f2,reconciled_observations_shard_0013,artifacts/local_structured_external_data/whole_corpus_external_data_exhaustive_pipeline_2026-08-04/reconciled_external_layers/lanes/reconciliation_lane_005/reconciled_observations_period_repaired/reconciled_observations_shard_0013.jsonl.gz,growth_readiness,growth_pair_ready,0
7881685,reconciliation_lane_005,reconciled_observations,artifacts/local_structured_external_data/whole_corpus_external_data_exhaustive_pipeline_2026-08-04/reconciled_external_layers/lanes/reconciliation_lane_005/reconciled_observations_basis_repaired/reconciled_observations_shard_0014.jsonl.gz,BASIS-CANON-REPAIR-001,25000,b36d5e9adfe05e9a14de472df1023dd677d6ff02b94bb39dacc0d26204f30b05,reconciled_observations_shard_0014,artifacts/local_structured_external_data/whole_corpus_external_data_exhaustive_pipeline_2026-08-04/reconciled_external_layers/lanes/reconciliation_lane_005/reconciled_observations_period_repaired/reconciled_observations_shard_0014.jsonl.gz,growth_readiness,growth_pair_ready,0
84192,reconciliation_lane_005,reconciled_observations,artifacts/local_structured_external_data/whole_corpus_external_data_exhaustive_pipeline_2026-08-04/reconciled_external_layers/lanes/reconciliation_lane_005/reconciled_observations_period_repaired/reconciled_observations_shard_0015.jsonl.gz,PERIOD-REPAIR-001,236,d1493301bc9e7cea4174cc79f06c4c5bcad16aacfb087c710b8a0e99769a1f5b,reconciled_observations_shard_0015,artifacts/local_structured_external_data/whole_corpus_external_data_exhaustive_pipeline_2026-08-04/reconciled_external_layers/lanes/reconciliation_lane_005/reconciled_observations/reconciled_observations_shard_0015.jsonl.gz,growth_readiness,growth_pair_ready,0
