adjudication_performed,ambiguity_flags,canonical_external_ingestion_id,claim_linkage_status_after,compensation_basis_after,conflict_flags,conflict_reconciliation_status,department_after,expected_consequence_if_rejected,expected_consequence_if_upheld,external_administrative_observation_id,linked_claim_ids,municipality_after,pay_basis_after,period_after,proposed_analytical_role,reason_for_cross_examination,recommended_review_type,reconciled_external_observation_id,side_after,source_SHA_256,source_character_end,source_character_start,source_excerpt_or_table_row,source_page,source_row,source_table_id,mathematical_result,formula,numerator,denominator,supporting_or_countervailing_role,semantic_question_to_resolve,recommended_review_method,final_adjudication
False,,EXTINGEST-1170935521a2b101b16e7fc9,exact_claim_id_link,salary_schedule_rate,,not_applicable,unclear,remove from claim evidence; preserve lineage,retain in bounded claim evidence,EXTOBS-ba1a6ee8111315b198d87e6d,MECH-04,cog_2025_225869,unclear,2024,growth_candidate,exact_claim_id_linked_direct_observation,direct manual source review,EXTRECON-87ce54134c83167d862142af,unclear,ced5e7a83c6de56413c18ce210755ebef86c7111a18e2c2d1005577d474a6c82,21548,21547,7,18,,,external clean wage/growth matching remained zero; record retained for bounded semantic review,none unless an existing documentary calculation is explicitly carried,see linked analytical result,see linked analytical result,requires_semantic_review,Does the exact source coordinate support the proposed analytical role and bounded claim link?,direct manual source review,False
False,,EXTINGEST-fad7f16f37d01114f1ad030b,exact_claim_id_link,salary_schedule_rate,,not_applicable,unclear,remove from claim evidence; preserve lineage,retain in bounded claim evidence,EXTOBS-fe5a90324e340152b1b6fe04,MECH-04,cog_2025_173237,unclear,2022,growth_candidate,exact_claim_id_linked_direct_observation,direct manual source review,EXTRECON-5dcbdd1a70e228c664a46239,unclear,1a273cf4b11b3e444fbacf0d360edaae89bcbb499f75142f752b0d53e089ac52,28715,28714,2,29,,,external clean wage/growth matching remained zero; record retained for bounded semantic review,none unless an existing documentary calculation is explicitly carried,see linked analytical result,see linked analytical result,requires_semantic_review,Does the exact source coordinate support the proposed analytical role and bounded claim link?,direct manual source review,False
False,,EXTINGEST-cb5767b7112db738b8439182,event_linked_claim_pending,salary_schedule_rate,,not_applicable,unclear,remove from claim evidence; preserve lineage,retain in bounded claim evidence,EXTOBS-244a06c157379fb0c30e572d,,cog_2025_166553,unclear,2024,growth_candidate,headline_or_local_comparison_candidate,direct manual source review,EXTRECON-ab398576a3df7a7f9d4afd12,unclear,92837f318471312305014fd54e19d87c163fc35565c097b65da6edbfe69b5709,46921,46916,"1,300",24,,,external clean wage/growth matching remained zero; record retained for bounded semantic review,none unless an existing documentary calculation is explicitly carried,see linked analytical result,see linked analytical result,requires_semantic_review,Does the exact source coordinate support the proposed analytical role and bounded claim link?,direct manual source review,False
False,,EXTINGEST-8d2a8282a01ae2a7e79fafc9,event_linked_claim_pending,salary_schedule_rate,,not_applicable,unclear,remove from claim evidence; preserve lineage,retain in bounded claim evidence,EXTOBS-9c97c42da4f14957717560c5,,cog_2025_170800,unclear,2025,growth_candidate,headline_or_local_comparison_candidate,direct manual source review,EXTRECON-0329d8674ce2eec3c5af25bf,unclear,9eba24ee01666e0a37fc34a3c89d96244bfb5ca780e46f0936f32ecdc3e55fea,146564676,146564675,8,,,,external clean wage/growth matching remained zero; record retained for bounded semantic review,none unless an existing documentary calculation is explicitly carried,see linked analytical result,see linked analytical result,requires_semantic_review,Does the exact source coordinate support the proposed analytical role and bounded claim link?,direct manual source review,False
False,,EXTINGEST-35147161a08f531f482b76ef,event_linked_claim_pending,salary_schedule_rate,,not_applicable,unclear,remove from claim evidence; preserve lineage,retain in bounded claim evidence,EXTOBS-b5b2e0d4ec036a11fddfc3ac,,cog_2025_131425,unclear,2020,growth_candidate,headline_or_local_comparison_candidate,direct manual source review,EXTRECON-b63ad9128c0adf9b2cb1fa23,unclear,020bbf33667b772062edfef533e98320542fef680ff36677c3a0075e2e6d40ee,,,NS,,1095,html_table_1,external clean wage/growth matching remained zero; record retained for bounded semantic review,none unless an existing documentary calculation is explicitly carried,see linked analytical result,see linked analytical result,requires_semantic_review,Does the exact source coordinate support the proposed analytical role and bounded claim link?,direct manual source review,False
False,,EXTINGEST-aafcfd451ee6e7980f96bf4b,exact_claim_id_link,salary_schedule_rate,,not_applicable,unclear,remove from claim evidence; preserve lineage,retain in bounded claim evidence,EXTOBS-27043c321ebe1273faaddd10,MECH-04,cog_2025_106343,unclear,undated,growth_candidate,exact_claim_id_linked_direct_observation,direct manual source review,EXTRECON-78015ac6728e49c8e229ec60,unclear,4498598a9df38a300ebb9e6f293020c89aa111b963865b6075212b8106b2a070,70457,70456,2,32,,,external clean wage/growth matching remained zero; record retained for bounded semantic review,none unless an existing documentary calculation is explicitly carried,see linked analytical result,see linked analytical result,requires_semantic_review,Does the exact source coordinate support the proposed analytical role and bounded claim link?,direct manual source review,False
False,,EXTINGEST-aecfa88b6b90ce836a3678d0,event_linked_claim_pending,salary_schedule_rate,,not_applicable,unclear,remove from claim evidence; preserve lineage,retain in bounded claim evidence,EXTOBS-c570f482c2f0bda2a1d1000e,,cog_2025_106593,unclear,2015,growth_candidate,headline_or_local_comparison_candidate,direct manual source review,EXTRECON-7cab7c7222b8c1d467e1e1c0,unclear,d96e99337b04ac44be7a7be1eca59dd60194e7a3ab9665280532bbe64b1e5b14,117020,117003,Home Dean Review,33,,,external clean wage/growth matching remained zero; record retained for bounded semantic review,none unless an existing documentary calculation is explicitly carried,see linked analytical result,see linked analytical result,requires_semantic_review,Does the exact source coordinate support the proposed analytical role and bounded claim link?,direct manual source review,False
False,,EXTINGEST-569b7f9b9b97e4742958f162,exact_claim_id_link,salary_schedule_rate,,not_applicable,unclear,remove from claim evidence; preserve lineage,retain in bounded claim evidence,EXTOBS-8d687fba971e17a289850100,MECH-04,cog_2025_173662,unclear,2017,growth_candidate,exact_claim_id_linked_direct_observation,direct manual source review,EXTRECON-e23d8c9483579c83667fb439,unclear,a15a36e82e362d2dd61aa88599c9aa20b6735f83bf5bfc7bd5af1e75d46b26c1,296748,296741,6179530,143,,,external clean wage/growth matching remained zero; record retained for bounded semantic review,none unless an existing documentary calculation is explicitly carried,see linked analytical result,see linked analytical result,requires_semantic_review,Does the exact source coordinate support the proposed analytical role and bounded claim link?,direct manual source review,False
False,,EXTINGEST-5af041964906ef31e1f5f39f,event_linked_claim_pending,salary_schedule_rate,,not_applicable,unclear,remove from claim evidence; preserve lineage,retain in bounded claim evidence,EXTOBS-e3597c4465e7eed1c9071d90,,cog_2025_177095,unclear,undated-source-CBSRD-20260728-c167f2a61f4166190396,growth_candidate,headline_or_local_comparison_candidate,direct manual source review,EXTRECON-52ee373f7cb7ea56ffc03b60,unclear,fd51dee035a91def5af3f416e652143be817974bdf301895dc418dee11a899ab,147236,147234,11,80,,,external clean wage/growth matching remained zero; record retained for bounded semantic review,none unless an existing documentary calculation is explicitly carried,see linked analytical result,see linked analytical result,requires_semantic_review,Does the exact source coordinate support the proposed analytical role and bounded claim link?,direct manual source review,False
False,,EXTINGEST-347b40f38caee2dc361d76ce,event_linked_claim_pending,salary_schedule_rate,,not_applicable,unclear,remove from claim evidence; preserve lineage,retain in bounded claim evidence,EXTOBS-b48c6694d3e815d2832c4c87,,cog_2025_193555,unclear,2026,growth_candidate,headline_or_local_comparison_candidate,direct manual source review,EXTRECON-6b067e8a8b6aaf01f91ffd8b,unclear,8f3d24b11d3a3e6e03d7b6f0a13f79f069817a627ad681fc0299c9152686b405,172345,172341,2028,93,,,external clean wage/growth matching remained zero; record retained for bounded semantic review,none unless an existing documentary calculation is explicitly carried,see linked analytical result,see linked analytical result,requires_semantic_review,Does the exact source coordinate support the proposed analytical role and bounded claim link?,direct manual source review,False
False,,EXTINGEST-9ca02438d56e43c8912bc697,exact_claim_id_link,salary_schedule_rate,,not_applicable,unclear,remove from claim evidence; preserve lineage,retain in bounded claim evidence,EXTOBS-404184f46a9987ff83854498,MECH-04,cog_2025_166854,unclear,2026,growth_candidate,exact_claim_id_linked_direct_observation,direct manual source review,EXTRECON-d21a1558fc58927ab969a627,unclear,cc11c23321a100de7effe479586c94014cac304a4712676594b63b8513be0dfb,1870569,1870568,9,,,,external clean wage/growth matching remained zero; record retained for bounded semantic review,none unless an existing documentary calculation is explicitly carried,see linked analytical result,see linked analytical result,requires_semantic_review,Does the exact source coordinate support the proposed analytical role and bounded claim link?,direct manual source review,False
False,,EXTINGEST-35f54f47daf5d44c3fdbda94,event_linked_claim_pending,salary_schedule_rate,,not_applicable,unclear,remove from claim evidence; preserve lineage,retain in bounded claim evidence,EXTOBS-f8df1808a5047be223ba9d87,,cog_2025_166854,unclear,2026,growth_candidate,headline_or_local_comparison_candidate,direct manual source review,EXTRECON-40edb78511abf0ff03dce28d,unclear,cc11c23321a100de7effe479586c94014cac304a4712676594b63b8513be0dfb,,,09,,4,html_table_1618,external clean wage/growth matching remained zero; record retained for bounded semantic review,none unless an existing documentary calculation is explicitly carried,see linked analytical result,see linked analytical result,requires_semantic_review,Does the exact source coordinate support the proposed analytical role and bounded claim link?,direct manual source review,False
False,,EXTINGEST-e1fcc4610b521c4ac2291686,event_linked_claim_pending,salary_schedule_rate,,not_applicable,unclear,remove from claim evidence; preserve lineage,retain in bounded claim evidence,EXTOBS-b56d90ab68c277cbd8eaafb6,,cog_2025_201617,unclear,2024,growth_candidate,headline_or_local_comparison_candidate,direct manual source review,EXTRECON-25bf344d3cbb1fca88a6981c,unclear,bcb7480f0ae19d1f4ed5dfedf83b946a363ddcdc31dea699b33020765eb4613d,,,13,,2,html_table_2,external clean wage/growth matching remained zero; record retained for bounded semantic review,none unless an existing documentary calculation is explicitly carried,see linked analytical result,see linked analytical result,requires_semantic_review,Does the exact source coordinate support the proposed analytical role and bounded claim link?,direct manual source review,False
False,,EXTINGEST-422c01b514377a3cf61e0781,event_linked_claim_pending,salary_schedule_rate,,not_applicable,unclear,remove from claim evidence; preserve lineage,retain in bounded claim evidence,EXTOBS-1e0a95180191edf3878d288a,,cog_2025_170801,unclear,undated,growth_candidate,headline_or_local_comparison_candidate,direct manual source review,EXTRECON-ab6d5a4a187e7efe2acb1b31,unclear,c0c9cda80f661cf2dd1828c83c5a6522aebea9fbbbe8bc3da499a33d006e4e8e,,,38,,1316,html_table_1,external clean wage/growth matching remained zero; record retained for bounded semantic review,none unless an existing documentary calculation is explicitly carried,see linked analytical result,see linked analytical result,requires_semantic_review,Does the exact source coordinate support the proposed analytical role and bounded claim link?,direct manual source review,False
False,,EXTINGEST-5f94b5f13cc6635d851fbe48,event_linked_claim_pending,salary_schedule_rate,,not_applicable,unclear,remove from claim evidence; preserve lineage,retain in bounded claim evidence,EXTOBS-a9420931b60e5434b267012f,,cog_2025_201900,unclear,2022,growth_candidate,headline_or_local_comparison_candidate,direct manual source review,EXTRECON-abb15775398dbe322cccef94,unclear,4dc6f05f409f7dff572851991e1b0850092a1f1b22a0ee81bee090469ae84cf0,,,220,,222,html_table_1,external clean wage/growth matching remained zero; record retained for bounded semantic review,none unless an existing documentary calculation is explicitly carried,see linked analytical result,see linked analytical result,requires_semantic_review,Does the exact source coordinate support the proposed analytical role and bounded claim link?,direct manual source review,False
False,,EXTINGEST-8031cdd1964bcf7b5712bc5d,exact_claim_id_link,salary_schedule_rate,,not_applicable,unclear,remove from claim evidence; preserve lineage,retain in bounded claim evidence,EXTOBS-a28cecc29fc86c7e85501126,MECH-04,cog_2025_225869,unclear,2024,growth_candidate,exact_claim_id_linked_direct_observation,direct manual source review,EXTRECON-23846f101cecdea747657127,unclear,ced5e7a83c6de56413c18ce210755ebef86c7111a18e2c2d1005577d474a6c82,15307,15306,2,11,,,external clean wage/growth matching remained zero; record retained for bounded semantic review,none unless an existing documentary calculation is explicitly carried,see linked analytical result,see linked analytical result,requires_semantic_review,Does the exact source coordinate support the proposed analytical role and bounded claim link?,direct manual source review,False
False,,EXTINGEST-6d08ea749d966de35bb65cd1,exact_claim_id_link,salary_schedule_rate,,not_applicable,unclear,remove from claim evidence; preserve lineage,retain in bounded claim evidence,EXTOBS-4983be8b24f91b85235b171e,MECH-04,cog_2025_225670,unclear,2018,growth_candidate,exact_claim_id_linked_direct_observation,direct manual source review,EXTRECON-46561ab29bc682a132c18e5b,unclear,7d84551b2266c856511a1b75aca7c8ef2a9dce7ac286cd93587e29b45006e3e4,64185,64184,2,22,,,external clean wage/growth matching remained zero; record retained for bounded semantic review,none unless an existing documentary calculation is explicitly carried,see linked analytical result,see linked analytical result,requires_semantic_review,Does the exact source coordinate support the proposed analytical role and bounded claim link?,direct manual source review,False
False,,EXTINGEST-96ec06be2d7366ca3f1532d6,exact_claim_id_link,salary_schedule_rate,,not_applicable,unclear,remove from claim evidence; preserve lineage,retain in bounded claim evidence,EXTOBS-57a1df17600a414dba4808d3,MECH-04,cog_2025_163524,unclear,2020,growth_candidate,exact_claim_id_linked_direct_observation,direct manual source review,EXTRECON-c504ae24076b9964bcb7a2d2,unclear,247c23890b359cd02185ff66fc1cd21d1d236ae5ee7271f2f3f44050ee0eec26,189175,189141,"daughter, brother, half -brother,",171,,,external clean wage/growth matching remained zero; record retained for bounded semantic review,none unless an existing documentary calculation is explicitly carried,see linked analytical result,see linked analytical result,requires_semantic_review,Does the exact source coordinate support the proposed analytical role and bounded claim link?,direct manual source review,False
False,,EXTINGEST-56f3967cfcee942f0faea12e,event_linked_claim_pending,salary_schedule_rate,,not_applicable,unclear,remove from claim evidence; preserve lineage,retain in bounded claim evidence,EXTOBS-da33f64e7aca9efdb1a4343e,,cog_2025_171263,unclear,2021,growth_candidate,headline_or_local_comparison_candidate,direct manual source review,EXTRECON-98b5865e1fd9c65c66e24a29,unclear,73dd0833f4fe57229ea631d72a54b806eb220040120099801deb3eb9d1894c3d,1443186,1443185,8,370,,,external clean wage/growth matching remained zero; record retained for bounded semantic review,none unless an existing documentary calculation is explicitly carried,see linked analytical result,see linked analytical result,requires_semantic_review,Does the exact source coordinate support the proposed analytical role and bounded claim link?,direct manual source review,False
False,,EXTINGEST-89d7dd2ed1e7bc493c38d14e,exact_claim_id_link,salary_schedule_rate,,not_applicable,unclear,remove from claim evidence; preserve lineage,retain in bounded claim evidence,EXTOBS-60b1f24ebac7798e195ddc13,MECH-04,cog_2025_173275,unclear,2019,growth_candidate,exact_claim_id_linked_direct_observation,direct manual source review,EXTRECON-e7729b4deb1e0821c9dae8bf,unclear,e2abbc5fa78daf261427bc257386bd254e7b825d14c2e6706eb66ff6f1e00475,24744,24740,11.2,11,,,external clean wage/growth matching remained zero; record retained for bounded semantic review,none unless an existing documentary calculation is explicitly carried,see linked analytical result,see linked analytical result,requires_semantic_review,Does the exact source coordinate support the proposed analytical role and bounded claim link?,direct manual source review,False
False,,EXTINGEST-da0508efa05104d257bffadf,event_linked_claim_pending,salary_schedule_rate,,not_applicable,unclear,remove from claim evidence; preserve lineage,retain in bounded claim evidence,EXTOBS-a7f4080e92e221c66a7d0859,,cog_2025_170800,unclear,2025,growth_candidate,headline_or_local_comparison_candidate,direct manual source review,EXTRECON-577bde08615e31e81e5c9420,unclear,9eba24ee01666e0a37fc34a3c89d96244bfb5ca780e46f0936f32ecdc3e55fea,147262834,147262832,"8,",,,,external clean wage/growth matching remained zero; record retained for bounded semantic review,none unless an existing documentary calculation is explicitly carried,see linked analytical result,see linked analytical result,requires_semantic_review,Does the exact source coordinate support the proposed analytical role and bounded claim link?,direct manual source review,False
False,,EXTINGEST-cf07f1bdb1658cbd43a18cc6,event_linked_claim_pending,salary_schedule_rate,,not_applicable,unclear,remove from claim evidence; preserve lineage,retain in bounded claim evidence,EXTOBS-af2bbb5dfded801243927855,,cog_2025_189922,unclear,2023,growth_candidate,headline_or_local_comparison_candidate,direct manual source review,EXTRECON-827ee379804ac9ddd3874219,unclear,ff5bc69723831fb5a56a5391ee03d24e1dcf42a6035e3c800cb22b339f46a6c0,,,05,,16,html_table_3,external clean wage/growth matching remained zero; record retained for bounded semantic review,none unless an existing documentary calculation is explicitly carried,see linked analytical result,see linked analytical result,requires_semantic_review,Does the exact source coordinate support the proposed analytical role and bounded claim link?,direct manual source review,False
False,,EXTINGEST-dbf029b412aab23fff74553e,exact_claim_id_link,salary_schedule_rate,,not_applicable,unclear,remove from claim evidence; preserve lineage,retain in bounded claim evidence,EXTOBS-7a0cdff0d09546412fbb6c67,MECH-04,cog_2025_209824,unclear,2024,growth_candidate,exact_claim_id_linked_direct_observation,direct manual source review,EXTRECON-5d3c2c58888fe6ad0de8de9f,unclear,9de1b111e9fa15356c73a5e35abe877ad8657a4decc9b4f41b281fdef3028b92,280339,280338,9,,,,external clean wage/growth matching remained zero; record retained for bounded semantic review,none unless an existing documentary calculation is explicitly carried,see linked analytical result,see linked analytical result,requires_semantic_review,Does the exact source coordinate support the proposed analytical role and bounded claim link?,direct manual source review,False
False,,EXTINGEST-95a6e377a4bda74ebd8b5926,exact_claim_id_link,salary_schedule_rate,,not_applicable,unclear,remove from claim evidence; preserve lineage,retain in bounded claim evidence,EXTOBS-35d3dfacfb06294d17ba2ebe,MECH-04,cog_2025_209824,unclear,2024,growth_candidate,exact_claim_id_linked_direct_observation,direct manual source review,EXTRECON-a35839bceafce6c291df3422,unclear,9de1b111e9fa15356c73a5e35abe877ad8657a4decc9b4f41b281fdef3028b92,455106,455104,10,,,,external clean wage/growth matching remained zero; record retained for bounded semantic review,none unless an existing documentary calculation is explicitly carried,see linked analytical result,see linked analytical result,requires_semantic_review,Does the exact source coordinate support the proposed analytical role and bounded claim link?,direct manual source review,False
False,,EXTINGEST-e2203a6c732f56f6bc47049b,exact_claim_id_link,salary_schedule_rate,,not_applicable,unclear,remove from claim evidence; preserve lineage,retain in bounded claim evidence,EXTOBS-e4f61fdeabc594f4a0b05629,MECH-04,cog_2025_209824,unclear,2024,growth_candidate,exact_claim_id_linked_direct_observation,direct manual source review,EXTRECON-8f33e296b13586e64f8e1961,unclear,9de1b111e9fa15356c73a5e35abe877ad8657a4decc9b4f41b281fdef3028b92,1278210,1278209,9,,,,external clean wage/growth matching remained zero; record retained for bounded semantic review,none unless an existing documentary calculation is explicitly carried,see linked analytical result,see linked analytical result,requires_semantic_review,Does the exact source coordinate support the proposed analytical role and bounded claim link?,direct manual source review,False
False,,EXTINGEST-dcc3a8f533d29ced7e523e81,event_linked_claim_pending,salary_schedule_rate,,not_applicable,unclear,remove from claim evidence; preserve lineage,retain in bounded claim evidence,EXTOBS-a55a1ac5a87a6e4932eb5c68,,cog_2025_209824,unclear,2024,growth_candidate,headline_or_local_comparison_candidate,direct manual source review,EXTRECON-86b754f4a8b0111289c25331,unclear,9de1b111e9fa15356c73a5e35abe877ad8657a4decc9b4f41b281fdef3028b92,,,10,,5,html_table_1270,external clean wage/growth matching remained zero; record retained for bounded semantic review,none unless an existing documentary calculation is explicitly carried,see linked analytical result,see linked analytical result,requires_semantic_review,Does the exact source coordinate support the proposed analytical role and bounded claim link?,direct manual source review,False
False,,EXTINGEST-4f0a2d014d3ec08b801676c3,event_linked_claim_pending,salary_schedule_rate,,not_applicable,unclear,remove from claim evidence; preserve lineage,retain in bounded claim evidence,EXTOBS-73f6075b1b2584620382cc4f,,cog_2025_212005,unclear,2023,growth_candidate,headline_or_local_comparison_candidate,direct manual source review,EXTRECON-0e9e9c149d29fd4a916ecb59,unclear,e49fe879c9b99ab72c762be975203a954512c10837c0beb04664a509eb72317b,,,11B,,11,html_table_89,external clean wage/growth matching remained zero; record retained for bounded semantic review,none unless an existing documentary calculation is explicitly carried,see linked analytical result,see linked analytical result,requires_semantic_review,Does the exact source coordinate support the proposed analytical role and bounded claim link?,direct manual source review,False
False,,EXTINGEST-f4fbc5741a647c71e72991f7,event_linked_claim_pending,salary_schedule_rate,,not_applicable,unclear,remove from claim evidence; preserve lineage,retain in bounded claim evidence,EXTOBS-8e3c9f5957b31f7b7c1f247a,,cog_2025_167627,unclear,2019,growth_candidate,headline_or_local_comparison_candidate,direct manual source review,EXTRECON-6885e0c4991a99626a358e4f,unclear,b91020106475db348e4c1a364c914bb3b803b4d9793442102fad23543b350eff,2957105,2957101,2028,1783,,,external clean wage/growth matching remained zero; record retained for bounded semantic review,none unless an existing documentary calculation is explicitly carried,see linked analytical result,see linked analytical result,requires_semantic_review,Does the exact source coordinate support the proposed analytical role and bounded claim link?,direct manual source review,False
False,,EXTINGEST-4e0c52d3ccb2c8c21f57d97a,event_linked_claim_pending,salary_schedule_rate,,not_applicable,unclear,remove from claim evidence; preserve lineage,retain in bounded claim evidence,EXTOBS-72eca0d5cd50cf2ec9859c1b,,cog_2025_170530,unclear,undated-source-B4X2500LIVE-20260729-006401,growth_candidate,headline_or_local_comparison_candidate,direct manual source review,EXTRECON-933824db9c5e352b355d1940,unclear,40b493bb91fe39c3445fe1a7263517c53b1fa29d836a7e62a21332ea3335c4b7,,,18,,221,html_table_1,external clean wage/growth matching remained zero; record retained for bounded semantic review,none unless an existing documentary calculation is explicitly carried,see linked analytical result,see linked analytical result,requires_semantic_review,Does the exact source coordinate support the proposed analytical role and bounded claim link?,direct manual source review,False
False,,EXTINGEST-7caee732a8c972d12a4a0558,exact_claim_id_link,salary_schedule_rate,,not_applicable,unclear,remove from claim evidence; preserve lineage,retain in bounded claim evidence,EXTOBS-a82ebdb02466f22d7b9efccf,MECH-04,cog_2025_184260,annual_salary,2018,growth_candidate,exact_claim_id_linked_direct_observation,direct manual source review,EXTRECON-07b4abd3a1eab0c8b3fa8663,police,77a6490f20406d41ada3a03f551164276d9947e743ba76f21212500a945b2d74,37220,37216,2026,14,,,external clean wage/growth matching remained zero; record retained for bounded semantic review,none unless an existing documentary calculation is explicitly carried,see linked analytical result,see linked analytical result,requires_semantic_review,Does the exact source coordinate support the proposed analytical role and bounded claim link?,direct manual source review,False
False,,EXTINGEST-1a1eab8f0ff636bf546573c4,exact_claim_id_link,salary_schedule_rate,,not_applicable,unclear,remove from claim evidence; preserve lineage,retain in bounded claim evidence,EXTOBS-2460de0afdc501df32283c38,MECH-04,cog_2025_172617,hourly_rate,2026,growth_candidate,exact_claim_id_linked_direct_observation,direct manual source review,EXTRECON-5d7bef736206ab6f5d0de24f,unclear,ed2a11d5ce8295cbac019b46b97696b2ed864623453d160c7cb7e9c111be8980,,,Step 10,,11,html_table_4,external clean wage/growth matching remained zero; record retained for bounded semantic review,none unless an existing documentary calculation is explicitly carried,see linked analytical result,see linked analytical result,requires_semantic_review,Does the exact source coordinate support the proposed analytical role and bounded claim link?,direct manual source review,False
False,,EXTINGEST-25e00e9440e3af3adce8d050,exact_claim_id_link,salary_schedule_rate,,not_applicable,unclear,remove from claim evidence; preserve lineage,retain in bounded claim evidence,EXTOBS-5ac286b44847792b595bbc8f,MECH-04,cog_2025_172617,hourly_rate,2026,growth_candidate,exact_claim_id_linked_direct_observation,direct manual source review,EXTRECON-5d5c076800f3900d8959b2f7,unclear,ed2a11d5ce8295cbac019b46b97696b2ed864623453d160c7cb7e9c111be8980,,,Step 17,,18,html_table_37,external clean wage/growth matching remained zero; record retained for bounded semantic review,none unless an existing documentary calculation is explicitly carried,see linked analytical result,see linked analytical result,requires_semantic_review,Does the exact source coordinate support the proposed analytical role and bounded claim link?,direct manual source review,False
False,,EXTINGEST-36702d1e705043cf13a93177,event_linked_claim_pending,salary_schedule_rate,,not_applicable,unclear,remove from claim evidence; preserve lineage,retain in bounded claim evidence,EXTOBS-0ca15e2c9ee2cdcba36fe16f,,cog_2025_167627,unclear,2019,growth_candidate,headline_or_local_comparison_candidate,direct manual source review,EXTRECON-246347262cf9cab29dbefcf5,unclear,96de69d5a52547260c29f7a91964bb4a1311b32749f540cb09f9d45d8597dfb0,1500214,1500210,2024,911,,,external clean wage/growth matching remained zero; record retained for bounded semantic review,none unless an existing documentary calculation is explicitly carried,see linked analytical result,see linked analytical result,requires_semantic_review,Does the exact source coordinate support the proposed analytical role and bounded claim link?,direct manual source review,False
False,,EXTINGEST-ea9ffeec0421bb80497765cf,event_linked_claim_pending,salary_schedule_rate,,not_applicable,unclear,remove from claim evidence; preserve lineage,retain in bounded claim evidence,EXTOBS-ebc807abc9f843656133479e,,cog_2025_134638,unclear,2025,growth_candidate,headline_or_local_comparison_candidate,direct manual source review,EXTRECON-6afbadf8bfc070d573cb818f,unclear,2a8c521043e1ef0ddd185cee4a4943f0d302daa9e13a63c0232328a2f323495a,,,11,,8,html_table_502,external clean wage/growth matching remained zero; record retained for bounded semantic review,none unless an existing documentary calculation is explicitly carried,see linked analytical result,see linked analytical result,requires_semantic_review,Does the exact source coordinate support the proposed analytical role and bounded claim link?,direct manual source review,False
False,,EXTINGEST-6b831e869631073137d4f79d,event_linked_claim_pending,salary_schedule_rate,,not_applicable,unclear,remove from claim evidence; preserve lineage,retain in bounded claim evidence,EXTOBS-b0351fc540ff403437a2618b,,cog_2025_164284,unclear,2024,growth_candidate,headline_or_local_comparison_candidate,direct manual source review,EXTRECON-77bd9d999d66285c65c7de0a,unclear,9ea93cca67a6827426a989f9f5139aefbfd57b29f3b6daa4540fd4900b38c928,,,10.5,,60,html_table_36,external clean wage/growth matching remained zero; record retained for bounded semantic review,none unless an existing documentary calculation is explicitly carried,see linked analytical result,see linked analytical result,requires_semantic_review,Does the exact source coordinate support the proposed analytical role and bounded claim link?,direct manual source review,False
False,,EXTINGEST-4a5d39c95cb601ec4a53f5ac,exact_claim_id_link,salary_schedule_rate,,not_applicable,unclear,remove from claim evidence; preserve lineage,retain in bounded claim evidence,EXTOBS-6252548d568667903f9ba851,MECH-04,cog_2025_225686,unclear,2021,growth_candidate,exact_claim_id_linked_direct_observation,direct manual source review,EXTRECON-1b3bb413bb11482bf7947b10,unclear,2d76c6635af4bf882d7ed9df93094660b17895f717b5d78a009bdaeac0635be5,68660,68659,3,,,,external clean wage/growth matching remained zero; record retained for bounded semantic review,none unless an existing documentary calculation is explicitly carried,see linked analytical result,see linked analytical result,requires_semantic_review,Does the exact source coordinate support the proposed analytical role and bounded claim link?,direct manual source review,False
False,,EXTINGEST-c4e937bc5ce1202d65b13607,exact_claim_id_link,salary_schedule_rate,,not_applicable,unclear,remove from claim evidence; preserve lineage,retain in bounded claim evidence,EXTOBS-6697b115f545b019762766d3,MECH-04,cog_2025_225686,unclear,2021,growth_candidate,exact_claim_id_linked_direct_observation,direct manual source review,EXTRECON-f49ba23586f71301d5f5e300,unclear,2d76c6635af4bf882d7ed9df93094660b17895f717b5d78a009bdaeac0635be5,260571,260570,7,,,,external clean wage/growth matching remained zero; record retained for bounded semantic review,none unless an existing documentary calculation is explicitly carried,see linked analytical result,see linked analytical result,requires_semantic_review,Does the exact source coordinate support the proposed analytical role and bounded claim link?,direct manual source review,False
False,,EXTINGEST-b8ae92d0d1b44d3087ee08b5,event_linked_claim_pending,salary_schedule_rate,,not_applicable,unclear,remove from claim evidence; preserve lineage,retain in bounded claim evidence,EXTOBS-c99b68afaf33a2481df8e6fd,,cog_2025_131431,unclear,undated-source-BRMGRS-20260802-53e1dbd8f0755d69d5937c50,growth_candidate,headline_or_local_comparison_candidate,direct manual source review,EXTRECON-a01a16dd55c5ecf6c0aec71d,unclear,8b63e6c123d61420d55a4e55fe1ae99fe1fee845646d6975605e6f1aa08f19d6,699700,699698,23,246,,,external clean wage/growth matching remained zero; record retained for bounded semantic review,none unless an existing documentary calculation is explicitly carried,see linked analytical result,see linked analytical result,requires_semantic_review,Does the exact source coordinate support the proposed analytical role and bounded claim link?,direct manual source review,False
False,,EXTINGEST-a3aabe3449d9cd46edd8d815,event_linked_claim_pending,salary_schedule_rate,,not_applicable,unclear,remove from claim evidence; preserve lineage,retain in bounded claim evidence,EXTOBS-ee96326d85768e2a4d594f54,,cog_2025_128411,unclear,2025,growth_candidate,headline_or_local_comparison_candidate,direct manual source review,EXTRECON-a7a19e18d80edd26f14dd2d5,unclear,1b36fb777f4df7c29e23449873f3a7c382c83cb9bb0da2806e4360f248298ccf,1738177,1738173,5305,,,,external clean wage/growth matching remained zero; record retained for bounded semantic review,none unless an existing documentary calculation is explicitly carried,see linked analytical result,see linked analytical result,requires_semantic_review,Does the exact source coordinate support the proposed analytical role and bounded claim link?,direct manual source review,False
False,,EXTINGEST-553e5881cd4e2e7252c1243c,exact_claim_id_link,salary_schedule_rate,,not_applicable,unclear,remove from claim evidence; preserve lineage,retain in bounded claim evidence,EXTOBS-7c4e4a257b36f7418209b90a,MECH-04,cog_2025_170188,unclear,2022,growth_candidate,exact_claim_id_linked_direct_observation,direct manual source review,EXTRECON-819259838423c201ce4748fd,unclear,df20c3d13fe568917eafe7d59b70f2d7ceaf0e2c3ae3a2e90f63343fab551b58,596450,596449,9,,,,external clean wage/growth matching remained zero; record retained for bounded semantic review,none unless an existing documentary calculation is explicitly carried,see linked analytical result,see linked analytical result,requires_semantic_review,Does the exact source coordinate support the proposed analytical role and bounded claim link?,direct manual source review,False
False,,EXTINGEST-aeaa39a29fbe6b1b5c4985cf,exact_claim_id_link,salary_schedule_rate,,not_applicable,unclear,remove from claim evidence; preserve lineage,retain in bounded claim evidence,EXTOBS-68fde18dfe88eb4102f146c1,MECH-04,cog_2025_170188,unclear,2022,growth_candidate,exact_claim_id_linked_direct_observation,direct manual source review,EXTRECON-c0a2127b4d684097d78aebbe,unclear,df20c3d13fe568917eafe7d59b70f2d7ceaf0e2c3ae3a2e90f63343fab551b58,648821,648820,8,,,,external clean wage/growth matching remained zero; record retained for bounded semantic review,none unless an existing documentary calculation is explicitly carried,see linked analytical result,see linked analytical result,requires_semantic_review,Does the exact source coordinate support the proposed analytical role and bounded claim link?,direct manual source review,False
False,,EXTINGEST-4a8e299a7e2647742802e3e7,exact_claim_id_link,salary_schedule_rate,,not_applicable,unclear,remove from claim evidence; preserve lineage,retain in bounded claim evidence,EXTOBS-31db26309fc9e0d0f94a241f,MECH-04,cog_2025_173206,unclear,2019,growth_candidate,exact_claim_id_linked_direct_observation,direct manual source review,EXTRECON-e302f694a5780ed609b4df66,unclear,5ce309594a7299683f53737195f8f83ae5c7fa0028433023a8bd434388072ef1,149656,149655,4,85,,,external clean wage/growth matching remained zero; record retained for bounded semantic review,none unless an existing documentary calculation is explicitly carried,see linked analytical result,see linked analytical result,requires_semantic_review,Does the exact source coordinate support the proposed analytical role and bounded claim link?,direct manual source review,False
False,,EXTINGEST-507b0ff79e981b3b48518f7b,event_linked_claim_pending,salary_schedule_rate,,not_applicable,unclear,remove from claim evidence; preserve lineage,retain in bounded claim evidence,EXTOBS-ef99911b737c10f6b8ece9a6,,cog_2025_167911,unclear,2019,growth_candidate,headline_or_local_comparison_candidate,direct manual source review,EXTRECON-a10439c9894de65d68910bae,unclear,e19eb04ad3b0b3ef5ff890e2d9adf37a2f58a26f142233d1641c0dd2bb4e35fd,38989,38988,1,,,,external clean wage/growth matching remained zero; record retained for bounded semantic review,none unless an existing documentary calculation is explicitly carried,see linked analytical result,see linked analytical result,requires_semantic_review,Does the exact source coordinate support the proposed analytical role and bounded claim link?,direct manual source review,False
False,,EXTINGEST-f698e5ae98ca64d3509768ad,event_linked_claim_pending,salary_schedule_rate,,not_applicable,unclear,remove from claim evidence; preserve lineage,retain in bounded claim evidence,EXTOBS-1ee7c72c14d254e8eed3bdcd,,cog_2025_189605,unclear,undated-source-CBSRD-20260728-229e87b6cec1a609381b,growth_candidate,headline_or_local_comparison_candidate,direct manual source review,EXTRECON-eb96819c3a8a2bf162b84fd6,unclear,21fe0dc1ec65d830da44728af17b1a7c20a3328c970b22515a9a9ef48f210c1c,,,Hispanic Female English Learner without Disabilities,,70,html_table_225,external clean wage/growth matching remained zero; record retained for bounded semantic review,none unless an existing documentary calculation is explicitly carried,see linked analytical result,see linked analytical result,requires_semantic_review,Does the exact source coordinate support the proposed analytical role and bounded claim link?,direct manual source review,False
False,,EXTINGEST-a19f558461aea19137a9050b,event_linked_claim_pending,salary_schedule_rate,,not_applicable,unclear,remove from claim evidence; preserve lineage,retain in bounded claim evidence,EXTOBS-c14fe20f1463c9bbe2bf53e9,,cog_2025_168447,unclear,2026,growth_candidate,headline_or_local_comparison_candidate,direct manual source review,EXTRECON-b3e25d45e7242bfcb68d721c,unclear,070a916d8c58ed8d7b4592f903e695227d4333a90c28dfe55e1aed56c08411c8,310258,310254,2026,188,,,external clean wage/growth matching remained zero; record retained for bounded semantic review,none unless an existing documentary calculation is explicitly carried,see linked analytical result,see linked analytical result,requires_semantic_review,Does the exact source coordinate support the proposed analytical role and bounded claim link?,direct manual source review,False
False,,EXTINGEST-820c8a07a137949ff3dac15f,event_linked_claim_pending,salary_schedule_rate,,not_applicable,unclear,remove from claim evidence; preserve lineage,retain in bounded claim evidence,EXTOBS-3e63a1e661bf78c1b679436d,,cog_2025_168447,unclear,2026,growth_candidate,headline_or_local_comparison_candidate,direct manual source review,EXTRECON-7314c16713f8eed19ba0c5f2,unclear,070a916d8c58ed8d7b4592f903e695227d4333a90c28dfe55e1aed56c08411c8,325339,325335,2028,199,,,external clean wage/growth matching remained zero; record retained for bounded semantic review,none unless an existing documentary calculation is explicitly carried,see linked analytical result,see linked analytical result,requires_semantic_review,Does the exact source coordinate support the proposed analytical role and bounded claim link?,direct manual source review,False
False,,EXTINGEST-14176bad030f3cf9aa31c7a5,exact_claim_id_link,salary_schedule_rate,,not_applicable,unclear,remove from claim evidence; preserve lineage,retain in bounded claim evidence,EXTOBS-3b99978dffd8fdde27e5ce6b,MECH-04,cog_2025_191195,unclear,2022,growth_candidate,exact_claim_id_linked_direct_observation,direct manual source review,EXTRECON-d4eb5c16eaf62d6daf64f255,unclear,095ccb2c80fe4c3c9bcfd92258e82d9f1334da2a7cc1c548093e97d29c7fece0,1057433,1057432,3,,,,external clean wage/growth matching remained zero; record retained for bounded semantic review,none unless an existing documentary calculation is explicitly carried,see linked analytical result,see linked analytical result,requires_semantic_review,Does the exact source coordinate support the proposed analytical role and bounded claim link?,direct manual source review,False
False,,EXTINGEST-50c0dbd1888c2f7a5ac3419b,exact_claim_id_link,salary_schedule_rate,,not_applicable,unclear,remove from claim evidence; preserve lineage,retain in bounded claim evidence,EXTOBS-8fc0e462cb36a0406222b62d,MECH-04,cog_2025_173662,unclear,2017,growth_candidate,exact_claim_id_linked_direct_observation,direct manual source review,EXTRECON-40443dc35e14b8c66e5addbf,unclear,a15a36e82e362d2dd61aa88599c9aa20b6735f83bf5bfc7bd5af1e75d46b26c1,225870,225863,3451287,95,,,external clean wage/growth matching remained zero; record retained for bounded semantic review,none unless an existing documentary calculation is explicitly carried,see linked analytical result,see linked analytical result,requires_semantic_review,Does the exact source coordinate support the proposed analytical role and bounded claim link?,direct manual source review,False
False,,EXTINGEST-4627a7c1645f1e7c5215b8e4,exact_claim_id_link,salary_schedule_rate,,not_applicable,unclear,remove from claim evidence; preserve lineage,retain in bounded claim evidence,EXTOBS-83bf8fc47883d79c8d992ec1,MECH-04,cog_2025_173662,unclear,2017,growth_candidate,exact_claim_id_linked_direct_observation,direct manual source review,EXTRECON-9a71e768a06980b140d716fe,unclear,a15a36e82e362d2dd61aa88599c9aa20b6735f83bf5bfc7bd5af1e75d46b26c1,273044,273043,2,121,,,external clean wage/growth matching remained zero; record retained for bounded semantic review,none unless an existing documentary calculation is explicitly carried,see linked analytical result,see linked analytical result,requires_semantic_review,Does the exact source coordinate support the proposed analytical role and bounded claim link?,direct manual source review,False
False,,EXTINGEST-acaaad062c0f7cbd13fa9711,exact_claim_id_link,salary_schedule_rate,,not_applicable,unclear,remove from claim evidence; preserve lineage,retain in bounded claim evidence,EXTOBS-2abaa6855e86be8f0629e9b6,MECH-04,cog_2025_162829,unclear,2023,growth_candidate,exact_claim_id_linked_direct_observation,direct manual source review,EXTRECON-58a9165b9b5ecbeba57ba4f9,unclear,384965c8028868c2e60933f7168b8b6096b33e421baafada6a780e31080b21c0,31434,31433,2,18,,,external clean wage/growth matching remained zero; record retained for bounded semantic review,none unless an existing documentary calculation is explicitly carried,see linked analytical result,see linked analytical result,requires_semantic_review,Does the exact source coordinate support the proposed analytical role and bounded claim link?,direct manual source review,False
False,,EXTINGEST-231400a099e2c132be22b55d,exact_claim_id_link,salary_schedule_rate,,not_applicable,unclear,remove from claim evidence; preserve lineage,retain in bounded claim evidence,EXTOBS-9edba83cc34512305ab91304,MECH-04,cog_2025_212039,unclear,2022,growth_candidate,exact_claim_id_linked_direct_observation,direct manual source review,EXTRECON-e340f5b4fa41fa3ca7767ffe,unclear,6c3e50a59d8a09091d05f8a9afb7056e980f3e4bf24f1c19a7758962818ba0c8,8091,8090,2,3,,,external clean wage/growth matching remained zero; record retained for bounded semantic review,none unless an existing documentary calculation is explicitly carried,see linked analytical result,see linked analytical result,requires_semantic_review,Does the exact source coordinate support the proposed analytical role and bounded claim link?,direct manual source review,False
False,,EXTINGEST-c5633890f60cb8ae20d1b449,exact_claim_id_link,salary_schedule_rate,,not_applicable,unclear,remove from claim evidence; preserve lineage,retain in bounded claim evidence,EXTOBS-1aeea1fdcf55602eb51cbaeb,MECH-04,cog_2025_194842,unclear,2020,growth_candidate,exact_claim_id_linked_direct_observation,direct manual source review,EXTRECON-3a6ad28df0b243f1ecb5c8ec,unclear,eaca51651c344c70804db30f9dbe07cd69f99ba19412b24c6e25722abac608fe,2801540,2801535,17.06,,,,external clean wage/growth matching remained zero; record retained for bounded semantic review,none unless an existing documentary calculation is explicitly carried,see linked analytical result,see linked analytical result,requires_semantic_review,Does the exact source coordinate support the proposed analytical role and bounded claim link?,direct manual source review,False
False,,EXTINGEST-4e9d4bb23ed28d059948b881,exact_claim_id_link,salary_schedule_rate,,not_applicable,unclear,remove from claim evidence; preserve lineage,retain in bounded claim evidence,EXTOBS-c11e19accd73bfa492c3ebc7,MECH-04,cog_2025_170590,unclear,2025,growth_candidate,exact_claim_id_linked_direct_observation,direct manual source review,EXTRECON-4b6e6a0b195fa816d95a92eb,unclear,467e600ba9e446778b120e564b00620b179bc5921079341d3d0c64c65aaaba92,938518,938515,000,160,,,external clean wage/growth matching remained zero; record retained for bounded semantic review,none unless an existing documentary calculation is explicitly carried,see linked analytical result,see linked analytical result,requires_semantic_review,Does the exact source coordinate support the proposed analytical role and bounded claim link?,direct manual source review,False
False,,EXTINGEST-48009fd494900d9d6042caca,exact_claim_id_link,salary_schedule_rate,,not_applicable,unclear,remove from claim evidence; preserve lineage,retain in bounded claim evidence,EXTOBS-24608e0486461d2dcda7080c,MECH-04,cog_2025_170590,unclear,2025,growth_candidate,exact_claim_id_linked_direct_observation,direct manual source review,EXTRECON-eac3460719384440deb28676,unclear,467e600ba9e446778b120e564b00620b179bc5921079341d3d0c64c65aaaba92,1222100,1222098,06,162,,,external clean wage/growth matching remained zero; record retained for bounded semantic review,none unless an existing documentary calculation is explicitly carried,see linked analytical result,see linked analytical result,requires_semantic_review,Does the exact source coordinate support the proposed analytical role and bounded claim link?,direct manual source review,False
False,,EXTINGEST-5c9ff22be980a4931430aef7,event_linked_claim_pending,salary_schedule_rate,,not_applicable,unclear,remove from claim evidence; preserve lineage,retain in bounded claim evidence,EXTOBS-c478be03531d316cd5fc67f6,,cog_2025_134638,unclear,2025,growth_candidate,headline_or_local_comparison_candidate,direct manual source review,EXTRECON-035c0b052ee25c5c72e14c55,unclear,2a8c521043e1ef0ddd185cee4a4943f0d302daa9e13a63c0232328a2f323495a,,,14,,5,html_table_814,external clean wage/growth matching remained zero; record retained for bounded semantic review,none unless an existing documentary calculation is explicitly carried,see linked analytical result,see linked analytical result,requires_semantic_review,Does the exact source coordinate support the proposed analytical role and bounded claim link?,direct manual source review,False
False,,EXTINGEST-85d237fe2c0bbbc5ce470ce8,exact_claim_id_link,salary_schedule_rate,,not_applicable,unclear,remove from claim evidence; preserve lineage,retain in bounded claim evidence,EXTOBS-dff1aad4af767a7e160dad1d,MECH-04,cog_2025_225686,unclear,2021,growth_candidate,exact_claim_id_linked_direct_observation,direct manual source review,EXTRECON-777020d4f182eee7d970422e,unclear,2d76c6635af4bf882d7ed9df93094660b17895f717b5d78a009bdaeac0635be5,150256,150255,1,,,,external clean wage/growth matching remained zero; record retained for bounded semantic review,none unless an existing documentary calculation is explicitly carried,see linked analytical result,see linked analytical result,requires_semantic_review,Does the exact source coordinate support the proposed analytical role and bounded claim link?,direct manual source review,False
False,,EXTINGEST-bcf0204bc3f5fbb43eb14268,event_linked_claim_pending,salary_schedule_rate,,not_applicable,unclear,remove from claim evidence; preserve lineage,retain in bounded claim evidence,EXTOBS-b881d1c76f646897b4f96d41,,cog_2025_225686,unclear,2021,growth_candidate,headline_or_local_comparison_candidate,direct manual source review,EXTRECON-8b1bbb7325dbde31be944e8a,unclear,2d76c6635af4bf882d7ed9df93094660b17895f717b5d78a009bdaeac0635be5,,,11,,2,html_table_954,external clean wage/growth matching remained zero; record retained for bounded semantic review,none unless an existing documentary calculation is explicitly carried,see linked analytical result,see linked analytical result,requires_semantic_review,Does the exact source coordinate support the proposed analytical role and bounded claim link?,direct manual source review,False
False,,EXTINGEST-2ef5004da0e5264735a5b9ff,event_linked_claim_pending,salary_schedule_rate,,not_applicable,unclear,remove from claim evidence; preserve lineage,retain in bounded claim evidence,EXTOBS-2fdd2cc65c0a1e717a574422,,cog_2025_128411,unclear,2025,growth_candidate,headline_or_local_comparison_candidate,direct manual source review,EXTRECON-98673187fc2cc95331bc8e5d,unclear,1b36fb777f4df7c29e23449873f3a7c382c83cb9bb0da2806e4360f248298ccf,,,11,,4,html_table_1770,external clean wage/growth matching remained zero; record retained for bounded semantic review,none unless an existing documentary calculation is explicitly carried,see linked analytical result,see linked analytical result,requires_semantic_review,Does the exact source coordinate support the proposed analytical role and bounded claim link?,direct manual source review,False
False,,EXTINGEST-851f012c2021ad4de3968ae2,event_linked_claim_pending,salary_schedule_rate,,not_applicable,unclear,remove from claim evidence; preserve lineage,retain in bounded claim evidence,EXTOBS-eaa7eb8407a62e07fc5d0887,,cog_2025_102595,unclear,2017,growth_candidate,headline_or_local_comparison_candidate,direct manual source review,EXTRECON-779ab1634ec8d5deb8b92df1,unclear,a56e3aaa2e194992bb6d6a8a97acf430014db5bdc8f9b07482fd7e322afad55e,390260,390259,4,193,,,external clean wage/growth matching remained zero; record retained for bounded semantic review,none unless an existing documentary calculation is explicitly carried,see linked analytical result,see linked analytical result,requires_semantic_review,Does the exact source coordinate support the proposed analytical role and bounded claim link?,direct manual source review,False
False,,EXTINGEST-677ef15d2d0bea2eb9e9e34e,event_linked_claim_pending,salary_schedule_rate,,not_applicable,unclear,remove from claim evidence; preserve lineage,retain in bounded claim evidence,EXTOBS-566521e066f7c9945a70e3f8,,cog_2025_189605,unclear,undated-source-CBSRD-20260728-229e87b6cec1a609381b,growth_candidate,headline_or_local_comparison_candidate,direct manual source review,EXTRECON-a29ed69d29744581a95ee1c0,unclear,21fe0dc1ec65d830da44728af17b1a7c20a3328c970b22515a9a9ef48f210c1c,,,Hispanic Female Non-English Learner with Disabilities,,71,html_table_201,external clean wage/growth matching remained zero; record retained for bounded semantic review,none unless an existing documentary calculation is explicitly carried,see linked analytical result,see linked analytical result,requires_semantic_review,Does the exact source coordinate support the proposed analytical role and bounded claim link?,direct manual source review,False
False,,EXTINGEST-d970a9478c8ad9d113cb7167,event_linked_claim_pending,salary_schedule_rate,,not_applicable,unclear,remove from claim evidence; preserve lineage,retain in bounded claim evidence,EXTOBS-5dc43531afcbc8752969401c,,cog_2025_170530,unclear,undated-source-B4X2500LIVE-20260729-006401,growth_candidate,headline_or_local_comparison_candidate,direct manual source review,EXTRECON-746247cddde8d1a6d1f0c2ac,unclear,40b493bb91fe39c3445fe1a7263517c53b1fa29d836a7e62a21332ea3335c4b7,,,NS,,1744,html_table_1,external clean wage/growth matching remained zero; record retained for bounded semantic review,none unless an existing documentary calculation is explicitly carried,see linked analytical result,see linked analytical result,requires_semantic_review,Does the exact source coordinate support the proposed analytical role and bounded claim link?,direct manual source review,False
False,,EXTINGEST-53754991e6e045b48a4645eb,event_linked_claim_pending,salary_schedule_rate,,not_applicable,unclear,remove from claim evidence; preserve lineage,retain in bounded claim evidence,EXTOBS-b97e3770bf0d7dd2495ad645,,cog_2025_162791,unclear,2019,growth_candidate,headline_or_local_comparison_candidate,direct manual source review,EXTRECON-7112082b673031618ae87503,unclear,1b1e6487e245811f0e5775a8887ce2d10159a743c00b688f7225f9a202c70320,,,22,,93,html_table_1,external clean wage/growth matching remained zero; record retained for bounded semantic review,none unless an existing documentary calculation is explicitly carried,see linked analytical result,see linked analytical result,requires_semantic_review,Does the exact source coordinate support the proposed analytical role and bounded claim link?,direct manual source review,False
False,,EXTINGEST-694635908ce47f33766c1be5,event_linked_claim_pending,salary_schedule_rate,,not_applicable,unclear,remove from claim evidence; preserve lineage,retain in bounded claim evidence,EXTOBS-cd09c33f548eeb5f22dc13da,,cog_2025_193555,unclear,2026,growth_candidate,headline_or_local_comparison_candidate,direct manual source review,EXTRECON-bec066f0b106addd6aedfd3e,unclear,8f3d24b11d3a3e6e03d7b6f0a13f79f069817a627ad681fc0299c9152686b405,180927,180923,2026,99,,,external clean wage/growth matching remained zero; record retained for bounded semantic review,none unless an existing documentary calculation is explicitly carried,see linked analytical result,see linked analytical result,requires_semantic_review,Does the exact source coordinate support the proposed analytical role and bounded claim link?,direct manual source review,False
False,,EXTINGEST-a3657deba9b4f5eaa722d56d,event_linked_claim_pending,salary_schedule_rate,,not_applicable,unclear,remove from claim evidence; preserve lineage,retain in bounded claim evidence,EXTOBS-73b03cd0e07357fd767fcd56,,cog_2025_131425,unclear,2020,growth_candidate,headline_or_local_comparison_candidate,direct manual source review,EXTRECON-abbd17411dfcca5395734f98,unclear,ed8dd02c534ab9e0679c068c6b3f030b871e0d11e6b0e0f350626143afadfbc5,,,NS,,778,html_table_1,external clean wage/growth matching remained zero; record retained for bounded semantic review,none unless an existing documentary calculation is explicitly carried,see linked analytical result,see linked analytical result,requires_semantic_review,Does the exact source coordinate support the proposed analytical role and bounded claim link?,direct manual source review,False
False,,EXTINGEST-3b558d08d8261951f2fb6c0c,exact_claim_id_link,salary_schedule_rate,,not_applicable,unclear,remove from claim evidence; preserve lineage,retain in bounded claim evidence,EXTOBS-36fe86ed114f7b5f0021bfe9,MECH-04,cog_2025_166854,unclear,2026,growth_candidate,exact_claim_id_linked_direct_observation,direct manual source review,EXTRECON-5168956a5462dc84c2d8228c,unclear,cc11c23321a100de7effe479586c94014cac304a4712676594b63b8513be0dfb,102396,102394,10,,,,external clean wage/growth matching remained zero; record retained for bounded semantic review,none unless an existing documentary calculation is explicitly carried,see linked analytical result,see linked analytical result,requires_semantic_review,Does the exact source coordinate support the proposed analytical role and bounded claim link?,direct manual source review,False
False,,EXTINGEST-24d4d835599f246d55eac7c9,exact_claim_id_link,salary_schedule_rate,,not_applicable,unclear,remove from claim evidence; preserve lineage,retain in bounded claim evidence,EXTOBS-af2dc8c24300dcfa4fce3826,MECH-04,cog_2025_166854,unclear,2026,growth_candidate,exact_claim_id_linked_direct_observation,direct manual source review,EXTRECON-d346f5f2f3524de8f08d511a,unclear,cc11c23321a100de7effe479586c94014cac304a4712676594b63b8513be0dfb,1201532,1201531,7,,,,external clean wage/growth matching remained zero; record retained for bounded semantic review,none unless an existing documentary calculation is explicitly carried,see linked analytical result,see linked analytical result,requires_semantic_review,Does the exact source coordinate support the proposed analytical role and bounded claim link?,direct manual source review,False
False,,EXTINGEST-f3ecf7ae745fbe574c7e0c08,exact_claim_id_link,salary_schedule_rate,,not_applicable,unclear,remove from claim evidence; preserve lineage,retain in bounded claim evidence,EXTOBS-51964bbe53e6ebb88a758dea,MECH-04,cog_2025_170590,unclear,2025,growth_candidate,exact_claim_id_linked_direct_observation,direct manual source review,EXTRECON-fc204731d3c41f08e457bb60,unclear,467e600ba9e446778b120e564b00620b179bc5921079341d3d0c64c65aaaba92,1219787,1219784,000,162,,,external clean wage/growth matching remained zero; record retained for bounded semantic review,none unless an existing documentary calculation is explicitly carried,see linked analytical result,see linked analytical result,requires_semantic_review,Does the exact source coordinate support the proposed analytical role and bounded claim link?,direct manual source review,False
False,,EXTINGEST-24819473e5804d40bfd86341,event_linked_claim_pending,salary_schedule_rate,,not_applicable,unclear,remove from claim evidence; preserve lineage,retain in bounded claim evidence,EXTOBS-9b9ebd841ab694e3da087c85,,cog_2025_134638,unclear,2025,growth_candidate,headline_or_local_comparison_candidate,direct manual source review,EXTRECON-cf7d4928ff7f8ecd9c427f8a,unclear,2a8c521043e1ef0ddd185cee4a4943f0d302daa9e13a63c0232328a2f323495a,954591,954587,2025,,,,external clean wage/growth matching remained zero; record retained for bounded semantic review,none unless an existing documentary calculation is explicitly carried,see linked analytical result,see linked analytical result,requires_semantic_review,Does the exact source coordinate support the proposed analytical role and bounded claim link?,direct manual source review,False
False,,EXTINGEST-f5a75a0a6ed601aa048ecbe7,event_linked_claim_pending,salary_schedule_rate,,not_applicable,unclear,remove from claim evidence; preserve lineage,retain in bounded claim evidence,EXTOBS-18ae6c27e797a5fc3c8da639,,cog_2025_173234,unclear,2025,growth_candidate,headline_or_local_comparison_candidate,direct manual source review,EXTRECON-8fe2e64b50b84952c88b21be,unclear,5d4443ad67cdafc0c79a2788816d75a3c74fde756b7c4c612dbb5f8fd010f627,80350,80349,2,40,,,external clean wage/growth matching remained zero; record retained for bounded semantic review,none unless an existing documentary calculation is explicitly carried,see linked analytical result,see linked analytical result,requires_semantic_review,Does the exact source coordinate support the proposed analytical role and bounded claim link?,direct manual source review,False
False,,EXTINGEST-9661f678389d8de700c2dde5,exact_claim_id_link,salary_schedule_rate,,not_applicable,unclear,remove from claim evidence; preserve lineage,retain in bounded claim evidence,EXTOBS-931b9f01fc679d80a3d93cba,MECH-04,cog_2025_209145,unclear,2016,growth_candidate,exact_claim_id_linked_direct_observation,direct manual source review,EXTRECON-c4c8fdee03cb5e2e15234774,unclear,f764f33975c3226997220413522efea6ad1048e95de1806c4a9b0db2d6ddce16,33934,33933,1,18,,,external clean wage/growth matching remained zero; record retained for bounded semantic review,none unless an existing documentary calculation is explicitly carried,see linked analytical result,see linked analytical result,requires_semantic_review,Does the exact source coordinate support the proposed analytical role and bounded claim link?,direct manual source review,False
False,,EXTINGEST-a1b3acf2280431f5b17b7fd9,event_linked_claim_pending,salary_schedule_rate,,not_applicable,unclear,remove from claim evidence; preserve lineage,retain in bounded claim evidence,EXTOBS-28e36b448e1a6fde184da153,,cog_2025_166647,unclear,2017,growth_candidate,headline_or_local_comparison_candidate,direct manual source review,EXTRECON-f20d522b3b139a18841416d4,unclear,71a109771554f6d669c22f519c1b61e6b7396732088fdb110ae31c9c59ab80bc,67117,67113,0.5%,38,,,external clean wage/growth matching remained zero; record retained for bounded semantic review,none unless an existing documentary calculation is explicitly carried,see linked analytical result,see linked analytical result,requires_semantic_review,Does the exact source coordinate support the proposed analytical role and bounded claim link?,direct manual source review,False
False,,EXTINGEST-ab5d8c7db6c304f30c2d4a2e,exact_claim_id_link,salary_schedule_rate,,not_applicable,unclear,remove from claim evidence; preserve lineage,retain in bounded claim evidence,EXTOBS-411a38765976f7534d7c2b5c,MECH-04,cog_2025_176161,unclear,2022,growth_candidate,exact_claim_id_linked_direct_observation,direct manual source review,EXTRECON-a925dd31f9ad10191376212f,unclear,35553c71ee32caa7ca40efa677ecfa91feb4b8a7d528eb74a0fc33b996eb219e,200560,200553,"$12,242",114,,,external clean wage/growth matching remained zero; record retained for bounded semantic review,none unless an existing documentary calculation is explicitly carried,see linked analytical result,see linked analytical result,requires_semantic_review,Does the exact source coordinate support the proposed analytical role and bounded claim link?,direct manual source review,False
False,,EXTINGEST-7f65cc11cd79786d5300f1bc,event_linked_claim_pending,salary_schedule_rate,,not_applicable,unclear,remove from claim evidence; preserve lineage,retain in bounded claim evidence,EXTOBS-a719959838ae6371b1095b55,,cog_2025_172800,unclear,2015,growth_candidate,headline_or_local_comparison_candidate,direct manual source review,EXTRECON-4a7ea4dc470712052493f020,unclear,71ed3b986c45b450db5ab723b3975c327ee2c802d58c2e42b5e2f8cf98fcef22,208273,208271,48,105,,,external clean wage/growth matching remained zero; record retained for bounded semantic review,none unless an existing documentary calculation is explicitly carried,see linked analytical result,see linked analytical result,requires_semantic_review,Does the exact source coordinate support the proposed analytical role and bounded claim link?,direct manual source review,False
False,,EXTINGEST-319caf3599f042b249ad1b79,exact_claim_id_link,salary_schedule_rate,,not_applicable,unclear,remove from claim evidence; preserve lineage,retain in bounded claim evidence,EXTOBS-35abf5c5c1591ef51d53a765,MECH-04,cog_2025_162791,unclear,undated,growth_candidate,exact_claim_id_linked_direct_observation,direct manual source review,EXTRECON-58aae929ee92196a6cc99440,unclear,9ec98e76f310a44b7fd05bb0dfed8b9d3fd16b99c02c0bbe3d6915aeb9403438,104326,104325,8,51,,,external clean wage/growth matching remained zero; record retained for bounded semantic review,none unless an existing documentary calculation is explicitly carried,see linked analytical result,see linked analytical result,requires_semantic_review,Does the exact source coordinate support the proposed analytical role and bounded claim link?,direct manual source review,False
False,,EXTINGEST-e9b42d451848b1b0ae98d7c5,exact_claim_id_link,salary_schedule_rate,,not_applicable,unclear,remove from claim evidence; preserve lineage,retain in bounded claim evidence,EXTOBS-0ba8e1a96bb87a449f21a0e5,MECH-04,cog_2025_225676,unclear,2024,growth_candidate,exact_claim_id_linked_direct_observation,direct manual source review,EXTRECON-a522f44322275f2c87702b2b,unclear,0b082a455733e747de180378b8e98c0dc87af3bc59cbfeece2adfe05f58c72b1,61993,61992,5,,,,external clean wage/growth matching remained zero; record retained for bounded semantic review,none unless an existing documentary calculation is explicitly carried,see linked analytical result,see linked analytical result,requires_semantic_review,Does the exact source coordinate support the proposed analytical role and bounded claim link?,direct manual source review,False
False,,EXTINGEST-a4a3d95edf78cad905e8fdf4,event_linked_claim_pending,salary_schedule_rate,,not_applicable,unclear,remove from claim evidence; preserve lineage,retain in bounded claim evidence,EXTOBS-43565cfcd6208228482bfab2,,cog_2025_172800,unclear,2020,growth_candidate,headline_or_local_comparison_candidate,direct manual source review,EXTRECON-f6a90a69a5c8438c1d88ae10,unclear,d13b128da123a3d049857739b3a530820d73b48e617247585639fed597c3c3b6,228971,228967,22.1,88,,,external clean wage/growth matching remained zero; record retained for bounded semantic review,none unless an existing documentary calculation is explicitly carried,see linked analytical result,see linked analytical result,requires_semantic_review,Does the exact source coordinate support the proposed analytical role and bounded claim link?,direct manual source review,False
False,,EXTINGEST-9c65b0bf21df0ef70be18727,exact_claim_id_link,salary_schedule_rate,,not_applicable,unclear,remove from claim evidence; preserve lineage,retain in bounded claim evidence,EXTOBS-90ae9f084fece7ee0064decc,MECH-04,cog_2025_170800,unclear,undated,growth_candidate,exact_claim_id_linked_direct_observation,direct manual source review,EXTRECON-8e788a90a094a4f17aa8c60c,unclear,3e70ebc591404e75d9beb9ddf0d08b14126023321e5613e123eb08011f524e8a,113537,113536,5,,,,external clean wage/growth matching remained zero; record retained for bounded semantic review,none unless an existing documentary calculation is explicitly carried,see linked analytical result,see linked analytical result,requires_semantic_review,Does the exact source coordinate support the proposed analytical role and bounded claim link?,direct manual source review,False
False,,EXTINGEST-f39c7382eefc8998ae547c64,exact_claim_id_link,salary_schedule_rate,,not_applicable,unclear,remove from claim evidence; preserve lineage,retain in bounded claim evidence,EXTOBS-94cefa62b2ca1eb53020e751,MECH-04,cog_2025_191195,unclear,2022,growth_candidate,exact_claim_id_linked_direct_observation,direct manual source review,EXTRECON-9db95c7e006fbcaaff99b030,unclear,095ccb2c80fe4c3c9bcfd92258e82d9f1334da2a7cc1c548093e97d29c7fece0,941906,941905,7,,,,external clean wage/growth matching remained zero; record retained for bounded semantic review,none unless an existing documentary calculation is explicitly carried,see linked analytical result,see linked analytical result,requires_semantic_review,Does the exact source coordinate support the proposed analytical role and bounded claim link?,direct manual source review,False
False,,EXTINGEST-115080693a73983d2e11a9b1,event_linked_claim_pending,salary_schedule_rate,,not_applicable,unclear,remove from claim evidence; preserve lineage,retain in bounded claim evidence,EXTOBS-6c1f57a8ed2aab3c9c5bdb96,,cog_2025_191195,unclear,2022,growth_candidate,headline_or_local_comparison_candidate,direct manual source review,EXTRECON-c1ba7d872439b0031ddad271,unclear,095ccb2c80fe4c3c9bcfd92258e82d9f1334da2a7cc1c548093e97d29c7fece0,981321,981316,16.20,,,,external clean wage/growth matching remained zero; record retained for bounded semantic review,none unless an existing documentary calculation is explicitly carried,see linked analytical result,see linked analytical result,requires_semantic_review,Does the exact source coordinate support the proposed analytical role and bounded claim link?,direct manual source review,False
False,,EXTINGEST-9a28419b22cb59a491465677,event_linked_claim_pending,salary_schedule_rate,,not_applicable,unclear,remove from claim evidence; preserve lineage,retain in bounded claim evidence,EXTOBS-84632a5accd770e5701747f3,,cog_2025_190414,unclear,2020,growth_candidate,headline_or_local_comparison_candidate,direct manual source review,EXTRECON-c9da2ab77786ea9d97ce5b95,unclear,41bb9959d1aef50f506dd8666dc00c2918fb0a97bbad8acec0b04234ed9eaee2,248481,248478,50%,,,,external clean wage/growth matching remained zero; record retained for bounded semantic review,none unless an existing documentary calculation is explicitly carried,see linked analytical result,see linked analytical result,requires_semantic_review,Does the exact source coordinate support the proposed analytical role and bounded claim link?,direct manual source review,False
False,,EXTINGEST-a1575d86cbade0c6e145e6d2,exact_claim_id_link,salary_schedule_rate,,not_applicable,unclear,remove from claim evidence; preserve lineage,retain in bounded claim evidence,EXTOBS-3c50324976978af711980565,MECH-04,cog_2025_194842,unclear,2020,growth_candidate,exact_claim_id_linked_direct_observation,direct manual source review,EXTRECON-1a35cbff4b0b151e58dd4dfb,unclear,eaca51651c344c70804db30f9dbe07cd69f99ba19412b24c6e25722abac608fe,2246969,2246968,6,,,,external clean wage/growth matching remained zero; record retained for bounded semantic review,none unless an existing documentary calculation is explicitly carried,see linked analytical result,see linked analytical result,requires_semantic_review,Does the exact source coordinate support the proposed analytical role and bounded claim link?,direct manual source review,False
False,,EXTINGEST-5e987428ecb25885986fa36a,exact_claim_id_link,salary_schedule_rate,,not_applicable,unclear,remove from claim evidence; preserve lineage,retain in bounded claim evidence,EXTOBS-e38410649d5780567144904d,MECH-04,cog_2025_170590,unclear,2025,growth_candidate,exact_claim_id_linked_direct_observation,direct manual source review,EXTRECON-6698128d156a5e041108d9ce,unclear,467e600ba9e446778b120e564b00620b179bc5921079341d3d0c64c65aaaba92,1037387,1037382,-2024,161,,,external clean wage/growth matching remained zero; record retained for bounded semantic review,none unless an existing documentary calculation is explicitly carried,see linked analytical result,see linked analytical result,requires_semantic_review,Does the exact source coordinate support the proposed analytical role and bounded claim link?,direct manual source review,False
False,,EXTINGEST-e17f292d460a821d93745a73,exact_claim_id_link,salary_schedule_rate,,not_applicable,unclear,remove from claim evidence; preserve lineage,retain in bounded claim evidence,EXTOBS-89c420598afb5acc0d7c1c72,MECH-04,cog_2025_170590,unclear,2025,growth_candidate,exact_claim_id_linked_direct_observation,direct manual source review,EXTRECON-8bf0170de33f82a5235ddb19,unclear,467e600ba9e446778b120e564b00620b179bc5921079341d3d0c64c65aaaba92,1095825,1095824,1,161,,,external clean wage/growth matching remained zero; record retained for bounded semantic review,none unless an existing documentary calculation is explicitly carried,see linked analytical result,see linked analytical result,requires_semantic_review,Does the exact source coordinate support the proposed analytical role and bounded claim link?,direct manual source review,False
False,,EXTINGEST-8b27f1afe766cfa5cb535b6d,exact_claim_id_link,salary_schedule_rate,,not_applicable,unclear,remove from claim evidence; preserve lineage,retain in bounded claim evidence,EXTOBS-4728954d65e4d25b7b411a74,MECH-04,cog_2025_170590,unclear,2025,growth_candidate,exact_claim_id_linked_direct_observation,direct manual source review,EXTRECON-e4682ce155084b2641ca3ab6,unclear,467e600ba9e446778b120e564b00620b179bc5921079341d3d0c64c65aaaba92,1267799,1267794,-2023,162,,,external clean wage/growth matching remained zero; record retained for bounded semantic review,none unless an existing documentary calculation is explicitly carried,see linked analytical result,see linked analytical result,requires_semantic_review,Does the exact source coordinate support the proposed analytical role and bounded claim link?,direct manual source review,False
False,,EXTINGEST-5e75caefee824b1c287bd706,event_linked_claim_pending,salary_schedule_rate,,not_applicable,unclear,remove from claim evidence; preserve lineage,retain in bounded claim evidence,EXTOBS-6261785a27c75aaea191a0d5,,cog_2025_134638,unclear,2025,growth_candidate,headline_or_local_comparison_candidate,direct manual source review,EXTRECON-3e5ea07811b3ef319403b04c,unclear,2a8c521043e1ef0ddd185cee4a4943f0d302daa9e13a63c0232328a2f323495a,,,11,,5,html_table_1322,external clean wage/growth matching remained zero; record retained for bounded semantic review,none unless an existing documentary calculation is explicitly carried,see linked analytical result,see linked analytical result,requires_semantic_review,Does the exact source coordinate support the proposed analytical role and bounded claim link?,direct manual source review,False
False,,EXTINGEST-4a4314c2e0e6afa9f9fce1f8,exact_claim_id_link,salary_schedule_rate,,not_applicable,unclear,remove from claim evidence; preserve lineage,retain in bounded claim evidence,EXTOBS-228396ece1488cb30919e739,MECH-04,cog_2025_207834,unclear,2017,growth_candidate,exact_claim_id_linked_direct_observation,direct manual source review,EXTRECON-9cdb45051e56ab73b9406d67,unclear,122a008b302869b3f7801cd772bc1917baee49a298fd97e77ed51173071ba7ef,216712,216711,7,104,,,external clean wage/growth matching remained zero; record retained for bounded semantic review,none unless an existing documentary calculation is explicitly carried,see linked analytical result,see linked analytical result,requires_semantic_review,Does the exact source coordinate support the proposed analytical role and bounded claim link?,direct manual source review,False
False,,EXTINGEST-1f1fff35a49f61600bd506bf,event_linked_claim_pending,salary_schedule_rate,,not_applicable,unclear,remove from claim evidence; preserve lineage,retain in bounded claim evidence,EXTOBS-bb3e56be3cfa5598623c557f,,cog_2025_128411,unclear,2025,growth_candidate,headline_or_local_comparison_candidate,direct manual source review,EXTRECON-44f078308e1b0ff3fcc62df8,unclear,1b36fb777f4df7c29e23449873f3a7c382c83cb9bb0da2806e4360f248298ccf,2866274,2866270,2026,,,,external clean wage/growth matching remained zero; record retained for bounded semantic review,none unless an existing documentary calculation is explicitly carried,see linked analytical result,see linked analytical result,requires_semantic_review,Does the exact source coordinate support the proposed analytical role and bounded claim link?,direct manual source review,False
False,,EXTINGEST-3ea4ec2808e6bbc282dcad6a,event_linked_claim_pending,salary_schedule_rate,,not_applicable,unclear,remove from claim evidence; preserve lineage,retain in bounded claim evidence,EXTOBS-d6ec2ae939b62196b3ba9fad,,cog_2025_128411,unclear,2025,growth_candidate,headline_or_local_comparison_candidate,direct manual source review,EXTRECON-58ed80c5eb6c01b4905549e8,unclear,1b36fb777f4df7c29e23449873f3a7c382c83cb9bb0da2806e4360f248298ccf,,,08,,3,html_table_1002,external clean wage/growth matching remained zero; record retained for bounded semantic review,none unless an existing documentary calculation is explicitly carried,see linked analytical result,see linked analytical result,requires_semantic_review,Does the exact source coordinate support the proposed analytical role and bounded claim link?,direct manual source review,False
False,,EXTINGEST-6eb2df28f8f9139033907dcd,exact_claim_id_link,salary_schedule_rate,,not_applicable,unclear,remove from claim evidence; preserve lineage,retain in bounded claim evidence,EXTOBS-ed7ab05895462740d64b02a6,MECH-04,cog_2025_170188,unclear,2022,growth_candidate,exact_claim_id_linked_direct_observation,direct manual source review,EXTRECON-b1fd20dacd085afbf1f39895,unclear,df20c3d13fe568917eafe7d59b70f2d7ceaf0e2c3ae3a2e90f63343fab551b58,832538,832537,9,,,,external clean wage/growth matching remained zero; record retained for bounded semantic review,none unless an existing documentary calculation is explicitly carried,see linked analytical result,see linked analytical result,requires_semantic_review,Does the exact source coordinate support the proposed analytical role and bounded claim link?,direct manual source review,False
False,,EXTINGEST-e16876d5a3e2626ee1262f94,exact_claim_id_link,salary_schedule_rate,,not_applicable,unclear,remove from claim evidence; preserve lineage,retain in bounded claim evidence,EXTOBS-7605297ca645dd91173686c9,MECH-04,cog_2025_225684,unclear,2023,growth_candidate,exact_claim_id_linked_direct_observation,direct manual source review,EXTRECON-15a0f99ab3213bbd9233c168,unclear,72255ec1374c2a024194683497c8487eda2ee3cffe8b6a1b7f60d1c81742b8f2,819518,819517,2,,,,external clean wage/growth matching remained zero; record retained for bounded semantic review,none unless an existing documentary calculation is explicitly carried,see linked analytical result,see linked analytical result,requires_semantic_review,Does the exact source coordinate support the proposed analytical role and bounded claim link?,direct manual source review,False
