lane_id,scout_target_id,municipality,state,target_rank,skip_reason,live_attempted,candidate_count,notes
lane_4,TS4-4-9942360d2eee0f0f,Madison,CT,1,fixed_stagger_conflicts_with_no_simultaneous_lane_execution,no,0,Preflight failed before hosted search; target remains locked and unrun.
lane_4,TS4-4-e5aaf11a922dfabc,Plainville,CT,2,fixed_stagger_conflicts_with_no_simultaneous_lane_execution,no,0,Preflight failed before hosted search; target remains locked and unrun.
lane_4,TS4-4-a9841427e0b6d67e,Brookfield,CT,3,fixed_stagger_conflicts_with_no_simultaneous_lane_execution,no,0,Preflight failed before hosted search; target remains locked and unrun.
lane_4,TS4-4-13804b3cb41d0da7,Sugar Creek,IN,4,fixed_stagger_conflicts_with_no_simultaneous_lane_execution,no,0,Preflight failed before hosted search; target remains locked and unrun.
lane_4,TS4-4-2f30ac25305710b5,Portsmouth,RI,5,fixed_stagger_conflicts_with_no_simultaneous_lane_execution,no,0,Preflight failed before hosted search; target remains locked and unrun.
lane_4,TS4-4-927e30949b1c553d,Goodlettsville,TN,6,fixed_stagger_conflicts_with_no_simultaneous_lane_execution,no,0,Preflight failed before hosted search; target remains locked and unrun.
lane_4,TS4-4-24a86f84a5655ed3,Honey Creek,IN,7,fixed_stagger_conflicts_with_no_simultaneous_lane_execution,no,0,Preflight failed before hosted search; target remains locked and unrun.
lane_4,TS4-4-2d748f9e5a31b271,Wilton,NY,8,fixed_stagger_conflicts_with_no_simultaneous_lane_execution,no,0,Preflight failed before hosted search; target remains locked and unrun.
lane_4,TS4-4-043e5d7ca270f906,Holmdel,NJ,9,fixed_stagger_conflicts_with_no_simultaneous_lane_execution,no,0,Preflight failed before hosted search; target remains locked and unrun.
lane_4,TS4-4-6e55a6ed1db73f64,Danville,KY,10,fixed_stagger_conflicts_with_no_simultaneous_lane_execution,no,0,Preflight failed before hosted search; target remains locked and unrun.
lane_4,TS4-4-fa13c9c8bda74f3e,Hopewell,NJ,11,fixed_stagger_conflicts_with_no_simultaneous_lane_execution,no,0,Preflight failed before hosted search; target remains locked and unrun.
lane_4,TS4-4-1fa88762556a7778,Swansea,MA,12,fixed_stagger_conflicts_with_no_simultaneous_lane_execution,no,0,Preflight failed before hosted search; target remains locked and unrun.
lane_4,TS4-4-a81c22764926d3b9,Millbrook,AL,13,fixed_stagger_conflicts_with_no_simultaneous_lane_execution,no,0,Preflight failed before hosted search; target remains locked and unrun.
lane_4,TS4-4-1f5f8b9b524c4809,Tifton,GA,14,fixed_stagger_conflicts_with_no_simultaneous_lane_execution,no,0,Preflight failed before hosted search; target remains locked and unrun.
lane_4,TS4-4-0a22ae125cd1bcfa,St. Matthews,KY,15,fixed_stagger_conflicts_with_no_simultaneous_lane_execution,no,0,Preflight failed before hosted search; target remains locked and unrun.
lane_4,TS4-4-cfe7b1989aa2da6c,Stafford,TX,16,fixed_stagger_conflicts_with_no_simultaneous_lane_execution,no,0,Preflight failed before hosted search; target remains locked and unrun.
lane_4,TS4-4-9365d98d5daf0991,Taylor,TX,17,fixed_stagger_conflicts_with_no_simultaneous_lane_execution,no,0,Preflight failed before hosted search; target remains locked and unrun.
lane_4,TS4-4-928148e8aeb65181,West Lampeter,PA,18,fixed_stagger_conflicts_with_no_simultaneous_lane_execution,no,0,Preflight failed before hosted search; target remains locked and unrun.
lane_4,TS4-4-3d648bd34686383a,New Castle,IN,19,fixed_stagger_conflicts_with_no_simultaneous_lane_execution,no,0,Preflight failed before hosted search; target remains locked and unrun.
lane_4,TS4-4-13679934a600c13e,Hinsdale,IL,20,fixed_stagger_conflicts_with_no_simultaneous_lane_execution,no,0,Preflight failed before hosted search; target remains locked and unrun.
lane_4,TS4-4-9e6c81f7cfb09e6b,Manvel,TX,21,fixed_stagger_conflicts_with_no_simultaneous_lane_execution,no,0,Preflight failed before hosted search; target remains locked and unrun.
lane_4,TS4-4-521d63e245b444f4,Lebanon,IN,22,fixed_stagger_conflicts_with_no_simultaneous_lane_execution,no,0,Preflight failed before hosted search; target remains locked and unrun.
lane_4,TS4-4-dd2a0cd8a47907f4,Cañon City,CO,23,fixed_stagger_conflicts_with_no_simultaneous_lane_execution,no,0,Preflight failed before hosted search; target remains locked and unrun.
lane_4,TS4-4-37b6134555507948,Upper Gwynedd,PA,24,fixed_stagger_conflicts_with_no_simultaneous_lane_execution,no,0,Preflight failed before hosted search; target remains locked and unrun.
lane_4,TS4-4-d9983b49591483a4,Stallings,NC,25,fixed_stagger_conflicts_with_no_simultaneous_lane_execution,no,0,Preflight failed before hosted search; target remains locked and unrun.
lane_4,TS4-4-3a7eff477fe17100,Muscle Shoals,AL,26,fixed_stagger_conflicts_with_no_simultaneous_lane_execution,no,0,Preflight failed before hosted search; target remains locked and unrun.
lane_4,TS4-4-badd4fb2f8d101a6,Bainbridge,IN,27,fixed_stagger_conflicts_with_no_simultaneous_lane_execution,no,0,Preflight failed before hosted search; target remains locked and unrun.
lane_4,TS4-4-cfc7c258a1b70640,Weehawken,NJ,28,fixed_stagger_conflicts_with_no_simultaneous_lane_execution,no,0,Preflight failed before hosted search; target remains locked and unrun.
lane_4,TS4-4-e55f7c2294ddf071,Fillmore,CA,29,fixed_stagger_conflicts_with_no_simultaneous_lane_execution,no,0,Preflight failed before hosted search; target remains locked and unrun.
lane_4,TS4-4-3478828f237c9527,West Hempfield,PA,30,fixed_stagger_conflicts_with_no_simultaneous_lane_execution,no,0,Preflight failed before hosted search; target remains locked and unrun.
lane_4,TS4-4-646a95d67358959b,Dixon,IL,31,fixed_stagger_conflicts_with_no_simultaneous_lane_execution,no,0,Preflight failed before hosted search; target remains locked and unrun.
lane_4,TS4-4-ec0226d2e3127aa4,Denville,NJ,32,fixed_stagger_conflicts_with_no_simultaneous_lane_execution,no,0,Preflight failed before hosted search; target remains locked and unrun.
lane_4,TS4-4-00e94aef915ac6e2,Fenton charter,MI,33,fixed_stagger_conflicts_with_no_simultaneous_lane_execution,no,0,Preflight failed before hosted search; target remains locked and unrun.
lane_4,TS4-4-ca90f048198f8d32,Cuba,IL,34,fixed_stagger_conflicts_with_no_simultaneous_lane_execution,no,0,Preflight failed before hosted search; target remains locked and unrun.
lane_4,TS4-4-fa56877e6062e2fc,Lemon,OH,35,fixed_stagger_conflicts_with_no_simultaneous_lane_execution,no,0,Preflight failed before hosted search; target remains locked and unrun.
lane_4,TS4-4-b767c54747579660,Cahokia Heights,IL,36,fixed_stagger_conflicts_with_no_simultaneous_lane_execution,no,0,Preflight failed before hosted search; target remains locked and unrun.
lane_4,TS4-4-f0a58c908bfd9e4e,Addison,TX,37,fixed_stagger_conflicts_with_no_simultaneous_lane_execution,no,0,Preflight failed before hosted search; target remains locked and unrun.
lane_4,TS4-4-9e0b2eb5d56b56da,Barrington,RI,38,fixed_stagger_conflicts_with_no_simultaneous_lane_execution,no,0,Preflight failed before hosted search; target remains locked and unrun.
lane_4,TS4-4-a989a995e7283401,Wyckoff,NJ,39,fixed_stagger_conflicts_with_no_simultaneous_lane_execution,no,0,Preflight failed before hosted search; target remains locked and unrun.
lane_4,TS4-4-a3fba6a5396973e9,Campton,IL,40,fixed_stagger_conflicts_with_no_simultaneous_lane_execution,no,0,Preflight failed before hosted search; target remains locked and unrun.
lane_4,TS4-4-aaa7585786d0f288,Greenville,OH,41,fixed_stagger_conflicts_with_no_simultaneous_lane_execution,no,0,Preflight failed before hosted search; target remains locked and unrun.
lane_4,TS4-4-b606b6c9a0d4aa72,Bellaire,TX,42,fixed_stagger_conflicts_with_no_simultaneous_lane_execution,no,0,Preflight failed before hosted search; target remains locked and unrun.
lane_4,TS4-4-dd6cd58b4de19de5,Scott,PA,43,fixed_stagger_conflicts_with_no_simultaneous_lane_execution,no,0,Preflight failed before hosted search; target remains locked and unrun.
lane_4,TS4-4-d42a4552dd793002,Laguna Woods,CA,44,fixed_stagger_conflicts_with_no_simultaneous_lane_execution,no,0,Preflight failed before hosted search; target remains locked and unrun.
lane_4,TS4-4-3d38377fde6d0b31,Milford charter,MI,45,fixed_stagger_conflicts_with_no_simultaneous_lane_execution,no,0,Preflight failed before hosted search; target remains locked and unrun.
lane_4,TS4-4-4d90f93faac777d3,Ellington,CT,46,fixed_stagger_conflicts_with_no_simultaneous_lane_execution,no,0,Preflight failed before hosted search; target remains locked and unrun.
lane_4,TS4-4-83a162cc86c63b67,Fort Thomas,KY,47,fixed_stagger_conflicts_with_no_simultaneous_lane_execution,no,0,Preflight failed before hosted search; target remains locked and unrun.
lane_4,TS4-4-7d35ead904006800,Radford,VA,48,fixed_stagger_conflicts_with_no_simultaneous_lane_execution,no,0,Preflight failed before hosted search; target remains locked and unrun.
lane_4,TS4-4-180dae6230153727,Abington,MA,49,fixed_stagger_conflicts_with_no_simultaneous_lane_execution,no,0,Preflight failed before hosted search; target remains locked and unrun.
lane_4,TS4-4-803ad4eac2277f8f,Seymour,CT,50,fixed_stagger_conflicts_with_no_simultaneous_lane_execution,no,0,Preflight failed before hosted search; target remains locked and unrun.
lane_4,TS4-4-74239eae45ce3b34,Sterling,IL,51,fixed_stagger_conflicts_with_no_simultaneous_lane_execution,no,0,Preflight failed before hosted search; target remains locked and unrun.
lane_4,TS4-4-22147451b01cf215,Albemarle,NC,52,fixed_stagger_conflicts_with_no_simultaneous_lane_execution,no,0,Preflight failed before hosted search; target remains locked and unrun.
lane_4,TS4-4-dc1af31665c310d8,Hilltown,PA,53,fixed_stagger_conflicts_with_no_simultaneous_lane_execution,no,0,Preflight failed before hosted search; target remains locked and unrun.
lane_4,TS4-4-2714c3e218d1ac3b,El Dorado,AR,54,fixed_stagger_conflicts_with_no_simultaneous_lane_execution,no,0,Preflight failed before hosted search; target remains locked and unrun.
lane_4,TS4-4-9747356e2ebf048e,Prairie,OH,55,fixed_stagger_conflicts_with_no_simultaneous_lane_execution,no,0,Preflight failed before hosted search; target remains locked and unrun.
lane_4,TS4-4-1a1ca7507e201713,Gulf Shores,AL,56,fixed_stagger_conflicts_with_no_simultaneous_lane_execution,no,0,Preflight failed before hosted search; target remains locked and unrun.
lane_4,TS4-4-c8116a1c770eb38d,Springfield,NJ,57,fixed_stagger_conflicts_with_no_simultaneous_lane_execution,no,0,Preflight failed before hosted search; target remains locked and unrun.
lane_4,TS4-4-ae8fa288f6e7dee1,Tahlequah,OK,58,fixed_stagger_conflicts_with_no_simultaneous_lane_execution,no,0,Preflight failed before hosted search; target remains locked and unrun.
lane_4,TS4-4-b1db0557df35e818,Auburn,MA,59,fixed_stagger_conflicts_with_no_simultaneous_lane_execution,no,0,Preflight failed before hosted search; target remains locked and unrun.
lane_4,TS4-4-46478177d0c77e4f,Butler,PA,60,fixed_stagger_conflicts_with_no_simultaneous_lane_execution,no,0,Preflight failed before hosted search; target remains locked and unrun.
lane_4,TS4-4-183e7a425aa91af3,Sharon,OH,61,fixed_stagger_conflicts_with_no_simultaneous_lane_execution,no,0,Preflight failed before hosted search; target remains locked and unrun.
lane_4,TS4-4-fb02592f7c021b4f,Bristol,VA,62,fixed_stagger_conflicts_with_no_simultaneous_lane_execution,no,0,Preflight failed before hosted search; target remains locked and unrun.
lane_4,TS4-4-bf0bac05171db77d,South Middleton,PA,63,fixed_stagger_conflicts_with_no_simultaneous_lane_execution,no,0,Preflight failed before hosted search; target remains locked and unrun.
lane_4,TS4-4-ac01a5c0cae4e462,Donna,TX,64,fixed_stagger_conflicts_with_no_simultaneous_lane_execution,no,0,Preflight failed before hosted search; target remains locked and unrun.
lane_4,TS4-4-fbff7881c7812767,Jasper,IN,65,fixed_stagger_conflicts_with_no_simultaneous_lane_execution,no,0,Preflight failed before hosted search; target remains locked and unrun.
lane_4,TS4-4-7b889155c82c73a1,Upper Chichester,PA,66,fixed_stagger_conflicts_with_no_simultaneous_lane_execution,no,0,Preflight failed before hosted search; target remains locked and unrun.
lane_4,TS4-4-3cd5a491abb63636,Chelsea,AL,67,fixed_stagger_conflicts_with_no_simultaneous_lane_execution,no,0,Preflight failed before hosted search; target remains locked and unrun.
lane_4,TS4-4-a193fc7b7d8c799c,Groves,TX,68,fixed_stagger_conflicts_with_no_simultaneous_lane_execution,no,0,Preflight failed before hosted search; target remains locked and unrun.
lane_4,TS4-4-e3849191652c2e52,Canfield,OH,69,fixed_stagger_conflicts_with_no_simultaneous_lane_execution,no,0,Preflight failed before hosted search; target remains locked and unrun.
lane_4,TS4-4-c309c2abbf5f1516,Chickasha,OK,70,fixed_stagger_conflicts_with_no_simultaneous_lane_execution,no,0,Preflight failed before hosted search; target remains locked and unrun.
lane_4,TS4-4-05bf82dbd6745b56,Dickson,TN,71,fixed_stagger_conflicts_with_no_simultaneous_lane_execution,no,0,Preflight failed before hosted search; target remains locked and unrun.
lane_4,TS4-4-4f5acbce81521dab,Mercedes,TX,72,fixed_stagger_conflicts_with_no_simultaneous_lane_execution,no,0,Preflight failed before hosted search; target remains locked and unrun.
lane_4,TS4-4-9fc84e3bc1a437b3,Payson,AZ,73,fixed_stagger_conflicts_with_no_simultaneous_lane_execution,no,0,Preflight failed before hosted search; target remains locked and unrun.
lane_4,TS4-4-10e848d41f42ff0a,Southern Pines,NC,74,fixed_stagger_conflicts_with_no_simultaneous_lane_execution,no,0,Preflight failed before hosted search; target remains locked and unrun.
lane_4,TS4-4-6969f7732052483a,North Strabane,PA,75,fixed_stagger_conflicts_with_no_simultaneous_lane_execution,no,0,Preflight failed before hosted search; target remains locked and unrun.
lane_4,TS4-4-e6828e41a2b81465,Huron charter,MI,76,fixed_stagger_conflicts_with_no_simultaneous_lane_execution,no,0,Preflight failed before hosted search; target remains locked and unrun.
lane_4,TS4-4-dead73069b400185,Caledonia,MI,77,fixed_stagger_conflicts_with_no_simultaneous_lane_execution,no,0,Preflight failed before hosted search; target remains locked and unrun.
lane_4,TS4-4-2131eb51de085a55,Geddes,NY,78,fixed_stagger_conflicts_with_no_simultaneous_lane_execution,no,0,Preflight failed before hosted search; target remains locked and unrun.
lane_4,TS4-4-97a96a8b34070a29,Hewitt,TX,79,fixed_stagger_conflicts_with_no_simultaneous_lane_execution,no,0,Preflight failed before hosted search; target remains locked and unrun.
lane_4,TS4-4-591b16c57bb1054c,Thompson,NY,80,fixed_stagger_conflicts_with_no_simultaneous_lane_execution,no,0,Preflight failed before hosted search; target remains locked and unrun.
lane_4,TS4-4-f471ae1cf23701d6,Moreau,NY,81,fixed_stagger_conflicts_with_no_simultaneous_lane_execution,no,0,Preflight failed before hosted search; target remains locked and unrun.
lane_4,TS4-4-b17fa244e71f44d7,Selma,AL,82,fixed_stagger_conflicts_with_no_simultaneous_lane_execution,no,0,Preflight failed before hosted search; target remains locked and unrun.
lane_4,TS4-4-ed98e16369ef31ed,Fairburn,GA,83,fixed_stagger_conflicts_with_no_simultaneous_lane_execution,no,0,Preflight failed before hosted search; target remains locked and unrun.
lane_4,TS4-4-77f6077aea522bac,Moncks Corner,SC,84,fixed_stagger_conflicts_with_no_simultaneous_lane_execution,no,0,Preflight failed before hosted search; target remains locked and unrun.
lane_4,TS4-4-2e00a04384897ba1,Aston,PA,85,fixed_stagger_conflicts_with_no_simultaneous_lane_execution,no,0,Preflight failed before hosted search; target remains locked and unrun.
lane_4,TS4-4-c4431e35a34701bc,Ada,OK,86,fixed_stagger_conflicts_with_no_simultaneous_lane_execution,no,0,Preflight failed before hosted search; target remains locked and unrun.
lane_4,TS4-4-cbcbdcf996a29735,Grain Valley,MO,87,fixed_stagger_conflicts_with_no_simultaneous_lane_execution,no,0,Preflight failed before hosted search; target remains locked and unrun.
lane_4,TS4-4-d55c403c0bcd4d11,Middletown,RI,88,fixed_stagger_conflicts_with_no_simultaneous_lane_execution,no,0,Preflight failed before hosted search; target remains locked and unrun.
lane_4,TS4-4-b76fda926ec2568d,Harborcreek,PA,89,fixed_stagger_conflicts_with_no_simultaneous_lane_execution,no,0,Preflight failed before hosted search; target remains locked and unrun.
lane_4,TS4-4-cb324d8169d24ac5,Crawfordsville,IN,90,fixed_stagger_conflicts_with_no_simultaneous_lane_execution,no,0,Preflight failed before hosted search; target remains locked and unrun.
lane_4,TS4-4-c272d54faae4f3c4,Sulphur Springs,TX,91,fixed_stagger_conflicts_with_no_simultaneous_lane_execution,no,0,Preflight failed before hosted search; target remains locked and unrun.
lane_4,TS4-4-a0b731171c6800c0,Moraga,CA,92,fixed_stagger_conflicts_with_no_simultaneous_lane_execution,no,0,Preflight failed before hosted search; target remains locked and unrun.
lane_4,TS4-4-8db623de32cb2b56,Pampa,TX,93,fixed_stagger_conflicts_with_no_simultaneous_lane_execution,no,0,Preflight failed before hosted search; target remains locked and unrun.
lane_4,TS4-4-8307a1773442e6af,Chestnuthill,PA,94,fixed_stagger_conflicts_with_no_simultaneous_lane_execution,no,0,Preflight failed before hosted search; target remains locked and unrun.
lane_4,TS4-4-112ad4fa5a752c60,Centerville,UT,95,fixed_stagger_conflicts_with_no_simultaneous_lane_execution,no,0,Preflight failed before hosted search; target remains locked and unrun.
lane_4,TS4-4-e9ecfe0b37f25477,Loganville,GA,96,fixed_stagger_conflicts_with_no_simultaneous_lane_execution,no,0,Preflight failed before hosted search; target remains locked and unrun.
lane_4,TS4-4-cb5065f8a3688990,Havelock,NC,97,fixed_stagger_conflicts_with_no_simultaneous_lane_execution,no,0,Preflight failed before hosted search; target remains locked and unrun.
lane_4,TS4-4-a522db099f28c703,Milledgeville,GA,98,fixed_stagger_conflicts_with_no_simultaneous_lane_execution,no,0,Preflight failed before hosted search; target remains locked and unrun.
lane_4,TS4-4-9a1cc327ad2ef60a,Westport,MA,99,fixed_stagger_conflicts_with_no_simultaneous_lane_execution,no,0,Preflight failed before hosted search; target remains locked and unrun.
lane_4,TS4-4-e541507f926c3928,Forks,PA,100,fixed_stagger_conflicts_with_no_simultaneous_lane_execution,no,0,Preflight failed before hosted search; target remains locked and unrun.
lane_4,TS4-4-7fe8e7e3e16243d3,Northbridge,MA,101,fixed_stagger_conflicts_with_no_simultaneous_lane_execution,no,0,Preflight failed before hosted search; target remains locked and unrun.
lane_4,TS4-4-6b40db404f72af83,East Greenbush,NY,102,fixed_stagger_conflicts_with_no_simultaneous_lane_execution,no,0,Preflight failed before hosted search; target remains locked and unrun.
lane_4,TS4-4-57075fc19cec0fee,El Segundo,CA,103,fixed_stagger_conflicts_with_no_simultaneous_lane_execution,no,0,Preflight failed before hosted search; target remains locked and unrun.
lane_4,TS4-4-ee6b029bab15ed2a,Monroe,OH,104,fixed_stagger_conflicts_with_no_simultaneous_lane_execution,no,0,Preflight failed before hosted search; target remains locked and unrun.
lane_4,TS4-4-10180fd178c1f578,Saraland,AL,105,fixed_stagger_conflicts_with_no_simultaneous_lane_execution,no,0,Preflight failed before hosted search; target remains locked and unrun.
lane_4,TS4-4-3d58a324be8f5be9,Hampton,NH,106,fixed_stagger_conflicts_with_no_simultaneous_lane_execution,no,0,Preflight failed before hosted search; target remains locked and unrun.
lane_4,TS4-4-7024a3260e7502d2,Bedford,NY,107,fixed_stagger_conflicts_with_no_simultaneous_lane_execution,no,0,Preflight failed before hosted search; target remains locked and unrun.
lane_4,TS4-4-a9ad8412e4f35740,Hayden,ID,108,fixed_stagger_conflicts_with_no_simultaneous_lane_execution,no,0,Preflight failed before hosted search; target remains locked and unrun.
lane_4,TS4-4-8b56323baef96634,Milford,NH,109,fixed_stagger_conflicts_with_no_simultaneous_lane_execution,no,0,Preflight failed before hosted search; target remains locked and unrun.
lane_4,TS4-4-35cecd9e5f45b7f6,Frankfort,IN,110,fixed_stagger_conflicts_with_no_simultaneous_lane_execution,no,0,Preflight failed before hosted search; target remains locked and unrun.
lane_4,TS4-4-8c0bcd009e581873,LaGrange,NY,111,fixed_stagger_conflicts_with_no_simultaneous_lane_execution,no,0,Preflight failed before hosted search; target remains locked and unrun.
lane_4,TS4-4-c46c93a9c31666f3,Goshen,OH,112,fixed_stagger_conflicts_with_no_simultaneous_lane_execution,no,0,Preflight failed before hosted search; target remains locked and unrun.
lane_4,TS4-4-01d0add846a67059,Burrillville,RI,113,fixed_stagger_conflicts_with_no_simultaneous_lane_execution,no,0,Preflight failed before hosted search; target remains locked and unrun.
lane_4,TS4-4-49b833e416c9d429,East Longmeadow,MA,114,fixed_stagger_conflicts_with_no_simultaneous_lane_execution,no,0,Preflight failed before hosted search; target remains locked and unrun.
lane_4,TS4-4-b239cc6ba37aa9a7,Chubbuck,ID,115,fixed_stagger_conflicts_with_no_simultaneous_lane_execution,no,0,Preflight failed before hosted search; target remains locked and unrun.
lane_4,TS4-4-ff501ca19e21342a,Manassas Park,VA,116,fixed_stagger_conflicts_with_no_simultaneous_lane_execution,no,0,Preflight failed before hosted search; target remains locked and unrun.
lane_4,TS4-4-191c23430c6110c1,Dyer,IN,117,fixed_stagger_conflicts_with_no_simultaneous_lane_execution,no,0,Preflight failed before hosted search; target remains locked and unrun.
lane_4,TS4-4-dd0771ed6955869e,Bridgeview,IL,118,fixed_stagger_conflicts_with_no_simultaneous_lane_execution,no,0,Preflight failed before hosted search; target remains locked and unrun.
lane_4,TS4-4-78191bea27493334,Wolcott,CT,119,fixed_stagger_conflicts_with_no_simultaneous_lane_execution,no,0,Preflight failed before hosted search; target remains locked and unrun.
lane_4,TS4-4-852ebc9ab424f6b2,Vienna,VA,120,fixed_stagger_conflicts_with_no_simultaneous_lane_execution,no,0,Preflight failed before hosted search; target remains locked and unrun.
lane_4,TS4-4-91f4a3babbfec110,Port Royal,SC,121,fixed_stagger_conflicts_with_no_simultaneous_lane_execution,no,0,Preflight failed before hosted search; target remains locked and unrun.
lane_4,TS4-4-4e0044e1474de60e,Readington,NJ,122,fixed_stagger_conflicts_with_no_simultaneous_lane_execution,no,0,Preflight failed before hosted search; target remains locked and unrun.
lane_4,TS4-4-f9dc9b2f8c41f68a,Westwood,MA,123,fixed_stagger_conflicts_with_no_simultaneous_lane_execution,no,0,Preflight failed before hosted search; target remains locked and unrun.
lane_4,TS4-4-21701ca5a97bfb2d,Humble,TX,124,fixed_stagger_conflicts_with_no_simultaneous_lane_execution,no,0,Preflight failed before hosted search; target remains locked and unrun.
lane_4,TS4-4-253761bccbc87b46,West Norriton,PA,125,fixed_stagger_conflicts_with_no_simultaneous_lane_execution,no,0,Preflight failed before hosted search; target remains locked and unrun.
lane_4,TS4-4-7a23e38eeb7234a5,Griffith,IN,126,fixed_stagger_conflicts_with_no_simultaneous_lane_execution,no,0,Preflight failed before hosted search; target remains locked and unrun.
lane_4,TS4-4-b63adf23367304fa,Hueytown,AL,127,fixed_stagger_conflicts_with_no_simultaneous_lane_execution,no,0,Preflight failed before hosted search; target remains locked and unrun.
lane_4,TS4-4-a176932768d1b1e3,Duxbury,MA,128,fixed_stagger_conflicts_with_no_simultaneous_lane_execution,no,0,Preflight failed before hosted search; target remains locked and unrun.
lane_4,TS4-4-aff7c225b43f155c,Exeter,NH,129,fixed_stagger_conflicts_with_no_simultaneous_lane_execution,no,0,Preflight failed before hosted search; target remains locked and unrun.
lane_4,TS4-4-dfdf23a8d0cd0bd1,Canyon,TX,130,fixed_stagger_conflicts_with_no_simultaneous_lane_execution,no,0,Preflight failed before hosted search; target remains locked and unrun.
lane_4,TS4-4-969d051b4d7c4e6f,Lower Salford,PA,131,fixed_stagger_conflicts_with_no_simultaneous_lane_execution,no,0,Preflight failed before hosted search; target remains locked and unrun.
lane_4,TS4-4-fa48ef7a91098958,Warren,NJ,132,fixed_stagger_conflicts_with_no_simultaneous_lane_execution,no,0,Preflight failed before hosted search; target remains locked and unrun.
lane_4,TS4-4-418de2bc4d51ead9,Gatesville,TX,133,fixed_stagger_conflicts_with_no_simultaneous_lane_execution,no,0,Preflight failed before hosted search; target remains locked and unrun.
lane_4,TS4-4-069dbb96767f256b,Poplar Bluff,MO,134,fixed_stagger_conflicts_with_no_simultaneous_lane_execution,no,0,Preflight failed before hosted search; target remains locked and unrun.
lane_4,TS4-4-271ce90a17b51c57,Fairview Heights,IL,135,fixed_stagger_conflicts_with_no_simultaneous_lane_execution,no,0,Preflight failed before hosted search; target remains locked and unrun.
lane_4,TS4-4-0e782aedc802b69e,Highland Village,TX,136,fixed_stagger_conflicts_with_no_simultaneous_lane_execution,no,0,Preflight failed before hosted search; target remains locked and unrun.
lane_4,TS4-4-2c541b3cceb055e4,Warsaw,IN,137,fixed_stagger_conflicts_with_no_simultaneous_lane_execution,no,0,Preflight failed before hosted search; target remains locked and unrun.
lane_4,TS4-4-febbae433e995f41,Gardendale,AL,138,fixed_stagger_conflicts_with_no_simultaneous_lane_execution,no,0,Preflight failed before hosted search; target remains locked and unrun.
lane_4,TS4-4-668994c162b7db1e,Westchester,IL,139,fixed_stagger_conflicts_with_no_simultaneous_lane_execution,no,0,Preflight failed before hosted search; target remains locked and unrun.
lane_4,TS4-4-777a93380a54e67a,Antrim,PA,140,fixed_stagger_conflicts_with_no_simultaneous_lane_execution,no,0,Preflight failed before hosted search; target remains locked and unrun.
lane_4,TS4-4-5b820fcb34ca8fad,Windham,NH,141,fixed_stagger_conflicts_with_no_simultaneous_lane_execution,no,0,Preflight failed before hosted search; target remains locked and unrun.
lane_4,TS4-4-d4a128877b767d8a,Ripon,CA,142,fixed_stagger_conflicts_with_no_simultaneous_lane_execution,no,0,Preflight failed before hosted search; target remains locked and unrun.
lane_4,TS4-4-f197b24128e05715,Cedar Lake,IN,143,fixed_stagger_conflicts_with_no_simultaneous_lane_execution,no,0,Preflight failed before hosted search; target remains locked and unrun.
lane_4,TS4-4-731cf70419955a69,Victor,NY,144,fixed_stagger_conflicts_with_no_simultaneous_lane_execution,no,0,Preflight failed before hosted search; target remains locked and unrun.
lane_4,TS4-4-df4b5c6ca5e34746,Mount Pleasant,TX,145,fixed_stagger_conflicts_with_no_simultaneous_lane_execution,no,0,Preflight failed before hosted search; target remains locked and unrun.
lane_4,TS4-4-251ba329f63abc1f,North Reading,MA,146,fixed_stagger_conflicts_with_no_simultaneous_lane_execution,no,0,Preflight failed before hosted search; target remains locked and unrun.
lane_4,TS4-4-1ae55a0fee69462e,Charlestown,IN,147,fixed_stagger_conflicts_with_no_simultaneous_lane_execution,no,0,Preflight failed before hosted search; target remains locked and unrun.
lane_4,TS4-4-ddeff519ebd9482e,Tiverton,RI,148,fixed_stagger_conflicts_with_no_simultaneous_lane_execution,no,0,Preflight failed before hosted search; target remains locked and unrun.
lane_4,TS4-4-70d0383326d48868,Buda,TX,149,fixed_stagger_conflicts_with_no_simultaneous_lane_execution,no,0,Preflight failed before hosted search; target remains locked and unrun.
lane_4,TS4-4-68e6bc46607334c5,North Fayette,PA,150,fixed_stagger_conflicts_with_no_simultaneous_lane_execution,no,0,Preflight failed before hosted search; target remains locked and unrun.
lane_4,TS4-4-87ead0f0ab260b8d,Country Club Hills,IL,151,fixed_stagger_conflicts_with_no_simultaneous_lane_execution,no,0,Preflight failed before hosted search; target remains locked and unrun.
lane_4,TS4-4-207ec2311cc1ba54,Newberry,PA,152,fixed_stagger_conflicts_with_no_simultaneous_lane_execution,no,0,Preflight failed before hosted search; target remains locked and unrun.
lane_4,TS4-4-689d8cfee899b857,Dublin,GA,153,fixed_stagger_conflicts_with_no_simultaneous_lane_execution,no,0,Preflight failed before hosted search; target remains locked and unrun.
lane_4,TS4-4-646f2e37ccd85b83,Parma,NY,154,fixed_stagger_conflicts_with_no_simultaneous_lane_execution,no,0,Preflight failed before hosted search; target remains locked and unrun.
lane_4,TS4-4-80802cf1932fb867,Berea,KY,155,fixed_stagger_conflicts_with_no_simultaneous_lane_execution,no,0,Preflight failed before hosted search; target remains locked and unrun.
lane_4,TS4-4-8e7b7be585d1ca8c,Jarvis,IL,156,fixed_stagger_conflicts_with_no_simultaneous_lane_execution,no,0,Preflight failed before hosted search; target remains locked and unrun.
lane_4,TS4-4-adcbe345c15079ee,Live Oak,TX,157,fixed_stagger_conflicts_with_no_simultaneous_lane_execution,no,0,Preflight failed before hosted search; target remains locked and unrun.
lane_4,TS4-4-c3168115744e0a20,Barrington,IL,158,fixed_stagger_conflicts_with_no_simultaneous_lane_execution,no,0,Preflight failed before hosted search; target remains locked and unrun.
lane_4,TS4-4-43551c47ae991144,New Haven,IN,159,fixed_stagger_conflicts_with_no_simultaneous_lane_execution,no,0,Preflight failed before hosted search; target remains locked and unrun.
lane_4,TS4-4-e3b3dfa328dc92fd,Dyersburg,TN,160,fixed_stagger_conflicts_with_no_simultaneous_lane_execution,no,0,Preflight failed before hosted search; target remains locked and unrun.
lane_4,TS4-4-5c5b91946dce2cda,Rockton,IL,161,fixed_stagger_conflicts_with_no_simultaneous_lane_execution,no,0,Preflight failed before hosted search; target remains locked and unrun.
lane_4,TS4-4-114a2b7c97fb0279,Middle Smithfield,PA,162,fixed_stagger_conflicts_with_no_simultaneous_lane_execution,no,0,Preflight failed before hosted search; target remains locked and unrun.
lane_4,TS4-4-eaa4311be905b19c,Monroe,GA,163,fixed_stagger_conflicts_with_no_simultaneous_lane_execution,no,0,Preflight failed before hosted search; target remains locked and unrun.
lane_4,TS4-4-667da280f36a0787,Fairhaven,MA,164,fixed_stagger_conflicts_with_no_simultaneous_lane_execution,no,0,Preflight failed before hosted search; target remains locked and unrun.
lane_4,TS4-4-8d186a47f2d90996,Hartselle,AL,165,fixed_stagger_conflicts_with_no_simultaneous_lane_execution,no,0,Preflight failed before hosted search; target remains locked and unrun.
lane_4,TS4-4-f3d6eb3a9bb31491,Palmview,TX,166,fixed_stagger_conflicts_with_no_simultaneous_lane_execution,no,0,Preflight failed before hosted search; target remains locked and unrun.
lane_4,TS4-4-f2d061debc9a77b3,Scottsboro,AL,167,fixed_stagger_conflicts_with_no_simultaneous_lane_execution,no,0,Preflight failed before hosted search; target remains locked and unrun.
lane_4,TS4-4-efac80bf35bbd9e1,Lilburn,GA,168,fixed_stagger_conflicts_with_no_simultaneous_lane_execution,no,0,Preflight failed before hosted search; target remains locked and unrun.
lane_4,TS4-4-9e11c7424a32c75a,Riverside,IL,169,fixed_stagger_conflicts_with_no_simultaneous_lane_execution,no,0,Preflight failed before hosted search; target remains locked and unrun.
lane_4,TS4-4-cb09d74f149b9b28,Williamsburg,VA,170,fixed_stagger_conflicts_with_no_simultaneous_lane_execution,no,0,Preflight failed before hosted search; target remains locked and unrun.
lane_4,TS4-4-c0f8cf2a6823e159,Andover,KS,171,fixed_stagger_conflicts_with_no_simultaneous_lane_execution,no,0,Preflight failed before hosted search; target remains locked and unrun.
lane_4,TS4-4-d9d3156921610aec,South Houston,TX,172,fixed_stagger_conflicts_with_no_simultaneous_lane_execution,no,0,Preflight failed before hosted search; target remains locked and unrun.
lane_4,TS4-4-d4e681c27709f0f5,Aux Sable,IL,173,fixed_stagger_conflicts_with_no_simultaneous_lane_execution,no,0,Preflight failed before hosted search; target remains locked and unrun.
lane_4,TS4-4-af09bd9400c00801,Greeneville,TN,174,fixed_stagger_conflicts_with_no_simultaneous_lane_execution,no,0,Preflight failed before hosted search; target remains locked and unrun.
lane_4,TS4-4-9eaf1fc57d7aca0a,Jefferson,GA,175,fixed_stagger_conflicts_with_no_simultaneous_lane_execution,no,0,Preflight failed before hosted search; target remains locked and unrun.
lane_4,TS4-4-700e5d9edaef13cd,North Whitehall,PA,176,fixed_stagger_conflicts_with_no_simultaneous_lane_execution,no,0,Preflight failed before hosted search; target remains locked and unrun.
lane_4,TS4-4-b6c6b24ae5627966,Jackson,MO,177,fixed_stagger_conflicts_with_no_simultaneous_lane_execution,no,0,Preflight failed before hosted search; target remains locked and unrun.
lane_4,TS4-4-054e5cb07a718dc9,Center Point,AL,178,fixed_stagger_conflicts_with_no_simultaneous_lane_execution,no,0,Preflight failed before hosted search; target remains locked and unrun.
lane_4,TS4-4-7890cbca5cca3bae,Americus,GA,179,fixed_stagger_conflicts_with_no_simultaneous_lane_execution,no,0,Preflight failed before hosted search; target remains locked and unrun.
lane_4,TS4-4-1552452b3e026ad9,Lewiston,NY,180,fixed_stagger_conflicts_with_no_simultaneous_lane_execution,no,0,Preflight failed before hosted search; target remains locked and unrun.
lane_4,TS4-4-72893da8bfa27ebb,Northborough,MA,181,fixed_stagger_conflicts_with_no_simultaneous_lane_execution,no,0,Preflight failed before hosted search; target remains locked and unrun.
lane_4,TS4-4-4d2aa743c9eeb3e3,La Grange,IL,182,fixed_stagger_conflicts_with_no_simultaneous_lane_execution,no,0,Preflight failed before hosted search; target remains locked and unrun.
lane_4,TS4-4-5860338fb54049f5,Rock Island,IL,183,fixed_stagger_conflicts_with_no_simultaneous_lane_execution,no,0,Preflight failed before hosted search; target remains locked and unrun.
lane_4,TS4-4-71466bc0688c2c6d,Patton,PA,184,fixed_stagger_conflicts_with_no_simultaneous_lane_execution,no,0,Preflight failed before hosted search; target remains locked and unrun.
lane_4,TS4-4-31325ed02c1bc7bf,Cumru,PA,185,fixed_stagger_conflicts_with_no_simultaneous_lane_execution,no,0,Preflight failed before hosted search; target remains locked and unrun.
lane_4,TS4-4-6008d39dc48cae49,Suffield,CT,186,fixed_stagger_conflicts_with_no_simultaneous_lane_execution,no,0,Preflight failed before hosted search; target remains locked and unrun.
lane_4,TS4-4-1bd3f858c90e3e97,Raynham,MA,187,fixed_stagger_conflicts_with_no_simultaneous_lane_execution,no,0,Preflight failed before hosted search; target remains locked and unrun.
lane_4,TS4-4-7d17061a726508f5,Douglas,AZ,188,fixed_stagger_conflicts_with_no_simultaneous_lane_execution,no,0,Preflight failed before hosted search; target remains locked and unrun.
lane_4,TS4-4-b7f382cdf96f8127,Longmeadow,MA,189,fixed_stagger_conflicts_with_no_simultaneous_lane_execution,no,0,Preflight failed before hosted search; target remains locked and unrun.
lane_4,TS4-4-5ab049021b384841,Pequannock,NJ,190,fixed_stagger_conflicts_with_no_simultaneous_lane_execution,no,0,Preflight failed before hosted search; target remains locked and unrun.
lane_4,TS4-4-74ff09726523568d,Adams,PA,191,fixed_stagger_conflicts_with_no_simultaneous_lane_execution,no,0,Preflight failed before hosted search; target remains locked and unrun.
lane_4,TS4-4-8de144a33de706c0,Artesia,CA,192,fixed_stagger_conflicts_with_no_simultaneous_lane_execution,no,0,Preflight failed before hosted search; target remains locked and unrun.
lane_4,TS4-4-c71c9af1213c1b93,Spring Lake,MI,193,fixed_stagger_conflicts_with_no_simultaneous_lane_execution,no,0,Preflight failed before hosted search; target remains locked and unrun.
lane_4,TS4-4-9557d42e524c59d9,Coolspring,IN,194,fixed_stagger_conflicts_with_no_simultaneous_lane_execution,no,0,Preflight failed before hosted search; target remains locked and unrun.
lane_4,TS4-4-3a03b378959fe1cf,Carthage,MO,195,fixed_stagger_conflicts_with_no_simultaneous_lane_execution,no,0,Preflight failed before hosted search; target remains locked and unrun.
lane_4,TS4-4-669a7a3ff55ebb6a,Braselton,GA,196,fixed_stagger_conflicts_with_no_simultaneous_lane_execution,no,0,Preflight failed before hosted search; target remains locked and unrun.
lane_4,TS4-4-4764f1633bb3f50e,Clinton,MA,197,fixed_stagger_conflicts_with_no_simultaneous_lane_execution,no,0,Preflight failed before hosted search; target remains locked and unrun.
lane_4,TS4-4-87d783b6c67e04d3,New Paltz,NY,198,fixed_stagger_conflicts_with_no_simultaneous_lane_execution,no,0,Preflight failed before hosted search; target remains locked and unrun.
lane_4,TS4-4-cb07afbd886b0666,Belmont,NC,199,fixed_stagger_conflicts_with_no_simultaneous_lane_execution,no,0,Preflight failed before hosted search; target remains locked and unrun.
lane_4,TS4-4-7503156da8d850e5,Robinson,PA,200,fixed_stagger_conflicts_with_no_simultaneous_lane_execution,no,0,Preflight failed before hosted search; target remains locked and unrun.
lane_4,TS4-4-f9f35f8ca35ef3f2,Colchester,CT,201,fixed_stagger_conflicts_with_no_simultaneous_lane_execution,no,0,Preflight failed before hosted search; target remains locked and unrun.
lane_4,TS4-4-957b3a528578cd39,Overland,MO,202,fixed_stagger_conflicts_with_no_simultaneous_lane_execution,no,0,Preflight failed before hosted search; target remains locked and unrun.
lane_4,TS4-4-0d28ab0e23c41bda,Symmes,OH,203,fixed_stagger_conflicts_with_no_simultaneous_lane_execution,no,0,Preflight failed before hosted search; target remains locked and unrun.
lane_4,TS4-4-dff80ff5a626c51c,Swampscott,MA,204,fixed_stagger_conflicts_with_no_simultaneous_lane_execution,no,0,Preflight failed before hosted search; target remains locked and unrun.
lane_4,TS4-4-d6b0933629ca330f,Hartland,MI,205,fixed_stagger_conflicts_with_no_simultaneous_lane_execution,no,0,Preflight failed before hosted search; target remains locked and unrun.
lane_4,TS4-4-0780b6e33c3bc710,Hendersonville,NC,206,fixed_stagger_conflicts_with_no_simultaneous_lane_execution,no,0,Preflight failed before hosted search; target remains locked and unrun.
lane_4,TS4-4-11ddc1d64e874679,Haddon,NJ,207,fixed_stagger_conflicts_with_no_simultaneous_lane_execution,no,0,Preflight failed before hosted search; target remains locked and unrun.
lane_4,TS4-4-bf3d29b74e6e8ad5,Ledyard,CT,208,fixed_stagger_conflicts_with_no_simultaneous_lane_execution,no,0,Preflight failed before hosted search; target remains locked and unrun.
lane_4,TS4-4-8b71434b05034aab,Shively,KY,209,fixed_stagger_conflicts_with_no_simultaneous_lane_execution,no,0,Preflight failed before hosted search; target remains locked and unrun.
lane_4,TS4-4-c3ec676037f91080,Mineral Wells,TX,210,fixed_stagger_conflicts_with_no_simultaneous_lane_execution,no,0,Preflight failed before hosted search; target remains locked and unrun.
lane_4,TS4-4-5105c3155507c550,Washington,MO,211,fixed_stagger_conflicts_with_no_simultaneous_lane_execution,no,0,Preflight failed before hosted search; target remains locked and unrun.
lane_4,TS4-4-ea2d43976e82f575,Mantua,NJ,212,fixed_stagger_conflicts_with_no_simultaneous_lane_execution,no,0,Preflight failed before hosted search; target remains locked and unrun.
lane_4,TS4-4-2c8ae67816816543,Nolensville,TN,213,fixed_stagger_conflicts_with_no_simultaneous_lane_execution,no,0,Preflight failed before hosted search; target remains locked and unrun.
lane_4,TS4-4-5ebac84ad3969001,Uvalde,TX,214,fixed_stagger_conflicts_with_no_simultaneous_lane_execution,no,0,Preflight failed before hosted search; target remains locked and unrun.
lane_4,TS4-4-234ecaa68720c3b6,Clark,NJ,215,fixed_stagger_conflicts_with_no_simultaneous_lane_execution,no,0,Preflight failed before hosted search; target remains locked and unrun.
lane_4,TS4-4-f6c3b8409ef50cd8,Lebanon,MO,216,fixed_stagger_conflicts_with_no_simultaneous_lane_execution,no,0,Preflight failed before hosted search; target remains locked and unrun.
lane_4,TS4-4-3f72c1b214575789,Brunswick,GA,217,fixed_stagger_conflicts_with_no_simultaneous_lane_execution,no,0,Preflight failed before hosted search; target remains locked and unrun.
lane_4,TS4-4-b2ae6a34e7562b53,Front Royal,VA,218,fixed_stagger_conflicts_with_no_simultaneous_lane_execution,no,0,Preflight failed before hosted search; target remains locked and unrun.
lane_4,TS4-4-3b3bd29cbbfd5550,Mashpee,MA,219,fixed_stagger_conflicts_with_no_simultaneous_lane_execution,no,0,Preflight failed before hosted search; target remains locked and unrun.
lane_4,TS4-4-b8fda8e9c328cd8e,Washington,PA,220,fixed_stagger_conflicts_with_no_simultaneous_lane_execution,no,0,Preflight failed before hosted search; target remains locked and unrun.
lane_4,TS4-4-5d62be3e8a79e892,Pine,PA,221,fixed_stagger_conflicts_with_no_simultaneous_lane_execution,no,0,Preflight failed before hosted search; target remains locked and unrun.
lane_4,TS4-4-4236a53f5e99c32b,Robbinsville,NJ,222,fixed_stagger_conflicts_with_no_simultaneous_lane_execution,no,0,Preflight failed before hosted search; target remains locked and unrun.
lane_4,TS4-4-42f3f384ced6cfab,DeWitt charter,MI,223,fixed_stagger_conflicts_with_no_simultaneous_lane_execution,no,0,Preflight failed before hosted search; target remains locked and unrun.
lane_4,TS4-4-1d4ecbf3ac76480a,Pierce,OH,224,fixed_stagger_conflicts_with_no_simultaneous_lane_execution,no,0,Preflight failed before hosted search; target remains locked and unrun.
lane_4,TS4-4-aa0fbeb7f1f992c2,Mundy,MI,225,fixed_stagger_conflicts_with_no_simultaneous_lane_execution,no,0,Preflight failed before hosted search; target remains locked and unrun.
lane_4,TS4-4-cc8118d44912271e,White House,TN,226,fixed_stagger_conflicts_with_no_simultaneous_lane_execution,no,0,Preflight failed before hosted search; target remains locked and unrun.
lane_4,TS4-4-049ebc59e5475d39,Belchertown,MA,227,fixed_stagger_conflicts_with_no_simultaneous_lane_execution,no,0,Preflight failed before hosted search; target remains locked and unrun.
lane_4,TS4-4-20bd992e635e2f95,Prospect Heights,IL,228,fixed_stagger_conflicts_with_no_simultaneous_lane_execution,no,0,Preflight failed before hosted search; target remains locked and unrun.
lane_4,TS4-4-2c38e13af4f12ae5,Eden,NC,229,fixed_stagger_conflicts_with_no_simultaneous_lane_execution,no,0,Preflight failed before hosted search; target remains locked and unrun.
lane_4,TS4-4-a567ababe6dcffb2,Monee,IL,230,fixed_stagger_conflicts_with_no_simultaneous_lane_execution,no,0,Preflight failed before hosted search; target remains locked and unrun.
lane_4,TS4-4-727f77543e314dc2,Brandon charter,MI,231,fixed_stagger_conflicts_with_no_simultaneous_lane_execution,no,0,Preflight failed before hosted search; target remains locked and unrun.
lane_4,TS4-4-4bb895fc2d710971,Lockhart,TX,232,fixed_stagger_conflicts_with_no_simultaneous_lane_execution,no,0,Preflight failed before hosted search; target remains locked and unrun.
lane_4,TS4-4-a1537bd4e6ce588b,Whitman,MA,233,fixed_stagger_conflicts_with_no_simultaneous_lane_execution,no,0,Preflight failed before hosted search; target remains locked and unrun.
lane_4,TS4-4-9b3fa2c58894e49a,Glasgow,KY,234,fixed_stagger_conflicts_with_no_simultaneous_lane_execution,no,0,Preflight failed before hosted search; target remains locked and unrun.
lane_4,TS4-4-3502e9f99abc3669,Hooksett,NH,235,fixed_stagger_conflicts_with_no_simultaneous_lane_execution,no,0,Preflight failed before hosted search; target remains locked and unrun.
lane_4,TS4-4-f2e02db9d8d89317,Rio Grande City,TX,236,fixed_stagger_conflicts_with_no_simultaneous_lane_execution,no,0,Preflight failed before hosted search; target remains locked and unrun.
lane_4,TS4-4-df2469ae670a80b5,Fruitport charter,MI,237,fixed_stagger_conflicts_with_no_simultaneous_lane_execution,no,0,Preflight failed before hosted search; target remains locked and unrun.
lane_4,TS4-4-7c78ded6c459ac2f,Arlington,TN,238,fixed_stagger_conflicts_with_no_simultaneous_lane_execution,no,0,Preflight failed before hosted search; target remains locked and unrun.
lane_4,TS4-4-2b6e60bb0cdc7a7c,Grantsville,UT,239,fixed_stagger_conflicts_with_no_simultaneous_lane_execution,no,0,Preflight failed before hosted search; target remains locked and unrun.
lane_4,TS4-4-b554301af51ac2c8,Bradley,IL,240,fixed_stagger_conflicts_with_no_simultaneous_lane_execution,no,0,Preflight failed before hosted search; target remains locked and unrun.
lane_4,TS4-4-e6c8fce5a39b595a,Branchburg,NJ,241,fixed_stagger_conflicts_with_no_simultaneous_lane_execution,no,0,Preflight failed before hosted search; target remains locked and unrun.
lane_4,TS4-4-f1228c4369f3e151,White,PA,242,fixed_stagger_conflicts_with_no_simultaneous_lane_execution,no,0,Preflight failed before hosted search; target remains locked and unrun.
lane_4,TS4-4-f5558f62e2c342cb,Greenwood Village,CO,243,fixed_stagger_conflicts_with_no_simultaneous_lane_execution,no,0,Preflight failed before hosted search; target remains locked and unrun.
lane_4,TS4-4-40d73624f71553fc,Bennington,VT,244,fixed_stagger_conflicts_with_no_simultaneous_lane_execution,no,0,Preflight failed before hosted search; target remains locked and unrun.
lane_4,TS4-4-f7bd9b022f865f42,Plainfield,CT,245,fixed_stagger_conflicts_with_no_simultaneous_lane_execution,no,0,Preflight failed before hosted search; target remains locked and unrun.
lane_4,TS4-4-a2ec10a051ae6968,Richland,IN,246,fixed_stagger_conflicts_with_no_simultaneous_lane_execution,no,0,Preflight failed before hosted search; target remains locked and unrun.
lane_4,TS4-4-705758db55d90493,Comstock charter,MI,247,fixed_stagger_conflicts_with_no_simultaneous_lane_execution,no,0,Preflight failed before hosted search; target remains locked and unrun.
lane_4,TS4-4-1488e415c09abcee,Brown,IN,248,fixed_stagger_conflicts_with_no_simultaneous_lane_execution,no,0,Preflight failed before hosted search; target remains locked and unrun.
lane_4,TS4-4-b24df8a38e2b05b3,Evans,NY,249,fixed_stagger_conflicts_with_no_simultaneous_lane_execution,no,0,Preflight failed before hosted search; target remains locked and unrun.
lane_4,TS4-4-04c587b08319c4a7,West Park,FL,250,fixed_stagger_conflicts_with_no_simultaneous_lane_execution,no,0,Preflight failed before hosted search; target remains locked and unrun.
lane_4,TS4-4-17962c8fc08a9804,Upper Southampton,PA,251,fixed_stagger_conflicts_with_no_simultaneous_lane_execution,no,0,Preflight failed before hosted search; target remains locked and unrun.
lane_4,TS4-4-80e4539be214fea3,Soldier,KS,252,fixed_stagger_conflicts_with_no_simultaneous_lane_execution,no,0,Preflight failed before hosted search; target remains locked and unrun.
lane_4,TS4-4-a26e7e92891ddc06,Cecil,PA,253,fixed_stagger_conflicts_with_no_simultaneous_lane_execution,no,0,Preflight failed before hosted search; target remains locked and unrun.
lane_4,TS4-4-e1efb9eda3edd8a7,La Palma,CA,254,fixed_stagger_conflicts_with_no_simultaneous_lane_execution,no,0,Preflight failed before hosted search; target remains locked and unrun.
lane_4,TS4-4-4068a3dba198ee82,Warrenville,IL,255,fixed_stagger_conflicts_with_no_simultaneous_lane_execution,no,0,Preflight failed before hosted search; target remains locked and unrun.
lane_4,TS4-4-1ac638fce9e3bb3d,Laurinburg,NC,256,fixed_stagger_conflicts_with_no_simultaneous_lane_execution,no,0,Preflight failed before hosted search; target remains locked and unrun.
lane_4,TS4-4-2ccd7c392e3e6f60,Holliston,MA,257,fixed_stagger_conflicts_with_no_simultaneous_lane_execution,no,0,Preflight failed before hosted search; target remains locked and unrun.
lane_4,TS4-4-732964b314979e99,Superior charter,MI,258,fixed_stagger_conflicts_with_no_simultaneous_lane_execution,no,0,Preflight failed before hosted search; target remains locked and unrun.
lane_4,TS4-4-09e615fc09c0d4b7,Dallas,GA,259,fixed_stagger_conflicts_with_no_simultaneous_lane_execution,no,0,Preflight failed before hosted search; target remains locked and unrun.
lane_4,TS4-4-015b8f91d4c46490,Caln,PA,260,fixed_stagger_conflicts_with_no_simultaneous_lane_execution,no,0,Preflight failed before hosted search; target remains locked and unrun.
lane_4,TS4-4-2530688a7c1979da,Fort Payne,AL,261,fixed_stagger_conflicts_with_no_simultaneous_lane_execution,no,0,Preflight failed before hosted search; target remains locked and unrun.
lane_4,TS4-4-4272417a36b59b33,East Whiteland,PA,262,fixed_stagger_conflicts_with_no_simultaneous_lane_execution,no,0,Preflight failed before hosted search; target remains locked and unrun.
lane_4,TS4-4-4889486a4d5ed0a0,Durham,NH,263,fixed_stagger_conflicts_with_no_simultaneous_lane_execution,no,0,Preflight failed before hosted search; target remains locked and unrun.
lane_4,TS4-4-73c6cfb67ed7af54,Little Rock,IL,264,fixed_stagger_conflicts_with_no_simultaneous_lane_execution,no,0,Preflight failed before hosted search; target remains locked and unrun.
lane_4,TS4-4-1fcca015ea48731a,Dennis,MA,265,fixed_stagger_conflicts_with_no_simultaneous_lane_execution,no,0,Preflight failed before hosted search; target remains locked and unrun.
lane_4,TS4-4-9709a489a08dcf37,Harper Woods,MI,266,fixed_stagger_conflicts_with_no_simultaneous_lane_execution,no,0,Preflight failed before hosted search; target remains locked and unrun.
lane_4,TS4-4-937b4612e5e80d47,Lincoln charter,MI,267,fixed_stagger_conflicts_with_no_simultaneous_lane_execution,no,0,Preflight failed before hosted search; target remains locked and unrun.
lane_4,TS4-4-1ee07aa47da64d43,Monclova,OH,268,fixed_stagger_conflicts_with_no_simultaneous_lane_execution,no,0,Preflight failed before hosted search; target remains locked and unrun.
lane_4,TS4-4-af0c025f82ef5e45,Henderson,NC,269,fixed_stagger_conflicts_with_no_simultaneous_lane_execution,no,0,Preflight failed before hosted search; target remains locked and unrun.
lane_4,TS4-4-6eaa823fe1aa1a18,Guilford,PA,270,fixed_stagger_conflicts_with_no_simultaneous_lane_execution,no,0,Preflight failed before hosted search; target remains locked and unrun.
lane_4,TS4-4-b417fc20a8de7354,Macomb,IL,271,fixed_stagger_conflicts_with_no_simultaneous_lane_execution,no,0,Preflight failed before hosted search; target remains locked and unrun.
lane_4,TS4-4-5f0896e8bd64585e,Macomb City,IL,272,fixed_stagger_conflicts_with_no_simultaneous_lane_execution,no,0,Preflight failed before hosted search; target remains locked and unrun.
lane_4,TS4-4-8815ea448da0c05d,Iowa Colony,TX,273,fixed_stagger_conflicts_with_no_simultaneous_lane_execution,no,0,Preflight failed before hosted search; target remains locked and unrun.
lane_4,TS4-4-b26dd335ff617591,Potsdam,NY,274,fixed_stagger_conflicts_with_no_simultaneous_lane_execution,no,0,Preflight failed before hosted search; target remains locked and unrun.
lane_4,TS4-4-b70f710fcd2193de,Fallsburg,NY,275,fixed_stagger_conflicts_with_no_simultaneous_lane_execution,no,0,Preflight failed before hosted search; target remains locked and unrun.
lane_4,TS4-4-22b29da8438ac708,Greenwood,IL,276,fixed_stagger_conflicts_with_no_simultaneous_lane_execution,no,0,Preflight failed before hosted search; target remains locked and unrun.
lane_4,TS4-4-ff8933a73373c470,West University Place,TX,277,fixed_stagger_conflicts_with_no_simultaneous_lane_execution,no,0,Preflight failed before hosted search; target remains locked and unrun.
lane_4,TS4-4-a972b8a2f35a6cb1,Talladega,AL,278,fixed_stagger_conflicts_with_no_simultaneous_lane_execution,no,0,Preflight failed before hosted search; target remains locked and unrun.
lane_4,TS4-4-75602a1ce6a35c1a,Farmington,NY,279,fixed_stagger_conflicts_with_no_simultaneous_lane_execution,no,0,Preflight failed before hosted search; target remains locked and unrun.
lane_4,TS4-4-5f2439cf477ab190,Hanover,MA,280,fixed_stagger_conflicts_with_no_simultaneous_lane_execution,no,0,Preflight failed before hosted search; target remains locked and unrun.
lane_4,TS4-4-813ffb0068a04211,Hereford,TX,281,fixed_stagger_conflicts_with_no_simultaneous_lane_execution,no,0,Preflight failed before hosted search; target remains locked and unrun.
lane_4,TS4-4-3dafdfb7a4667b25,Castle Pines,CO,282,fixed_stagger_conflicts_with_no_simultaneous_lane_execution,no,0,Preflight failed before hosted search; target remains locked and unrun.
lane_4,TS4-4-6474f6cd01209f65,Springfield charter,MI,283,fixed_stagger_conflicts_with_no_simultaneous_lane_execution,no,0,Preflight failed before hosted search; target remains locked and unrun.
lane_4,TS4-4-3111686a8b32b0c8,Oceola,MI,284,fixed_stagger_conflicts_with_no_simultaneous_lane_execution,no,0,Preflight failed before hosted search; target remains locked and unrun.
lane_4,TS4-4-86ff07f9958697a7,Shiloh,IL,285,fixed_stagger_conflicts_with_no_simultaneous_lane_execution,no,0,Preflight failed before hosted search; target remains locked and unrun.
lane_4,TS4-4-797d62f0868ccf3b,Athens,TN,286,fixed_stagger_conflicts_with_no_simultaneous_lane_execution,no,0,Preflight failed before hosted search; target remains locked and unrun.
lane_4,TS4-4-f1c0e371b9f0276a,Smithfield,UT,287,fixed_stagger_conflicts_with_no_simultaneous_lane_execution,no,0,Preflight failed before hosted search; target remains locked and unrun.
lane_4,TS4-4-91c2c7145e2f649d,Stony Point,NY,288,fixed_stagger_conflicts_with_no_simultaneous_lane_execution,no,0,Preflight failed before hosted search; target remains locked and unrun.
lane_4,TS4-4-852c9c2612186f86,Sycamore,IL,289,fixed_stagger_conflicts_with_no_simultaneous_lane_execution,no,0,Preflight failed before hosted search; target remains locked and unrun.
lane_4,TS4-4-67948053dfe673ea,Shepherdsville,KY,290,fixed_stagger_conflicts_with_no_simultaneous_lane_execution,no,0,Preflight failed before hosted search; target remains locked and unrun.
lane_4,TS4-4-005742e53b2d567b,Falls Church,VA,291,fixed_stagger_conflicts_with_no_simultaneous_lane_execution,no,0,Preflight failed before hosted search; target remains locked and unrun.
lane_4,TS4-4-8ef40f198747ec07,Jacksonville,AL,292,fixed_stagger_conflicts_with_no_simultaneous_lane_execution,no,0,Preflight failed before hosted search; target remains locked and unrun.
lane_4,TS4-4-fb1be25cba2faf86,Hidalgo,TX,293,fixed_stagger_conflicts_with_no_simultaneous_lane_execution,no,0,Preflight failed before hosted search; target remains locked and unrun.
lane_4,TS4-4-6d29ac41e3f2bcfb,Covington,GA,294,fixed_stagger_conflicts_with_no_simultaneous_lane_execution,no,0,Preflight failed before hosted search; target remains locked and unrun.
lane_4,TS4-4-15366b9710bd2f15,West Bradford,PA,295,fixed_stagger_conflicts_with_no_simultaneous_lane_execution,no,0,Preflight failed before hosted search; target remains locked and unrun.
lane_4,TS4-4-5d1b681b474f719a,Riverdale,GA,296,fixed_stagger_conflicts_with_no_simultaneous_lane_execution,no,0,Preflight failed before hosted search; target remains locked and unrun.
lane_4,TS4-4-91a3b18dc6a9287e,Roanoke Rapids,NC,297,fixed_stagger_conflicts_with_no_simultaneous_lane_execution,no,0,Preflight failed before hosted search; target remains locked and unrun.
lane_4,TS4-4-73532d85aaf6e0eb,Chesterton,IN,298,fixed_stagger_conflicts_with_no_simultaneous_lane_execution,no,0,Preflight failed before hosted search; target remains locked and unrun.
lane_4,TS4-4-8169ae47fe59ed7d,Hanover,NJ,299,fixed_stagger_conflicts_with_no_simultaneous_lane_execution,no,0,Preflight failed before hosted search; target remains locked and unrun.
lane_4,TS4-4-dbacaffe470d5dc5,Sullivan,NY,300,fixed_stagger_conflicts_with_no_simultaneous_lane_execution,no,0,Preflight failed before hosted search; target remains locked and unrun.
lane_4,TS4-4-2c00a58c34fee7ae,Livingston,CA,301,fixed_stagger_conflicts_with_no_simultaneous_lane_execution,no,0,Preflight failed before hosted search; target remains locked and unrun.
lane_4,TS4-4-71f0afb943db7545,East Greenwich,RI,302,fixed_stagger_conflicts_with_no_simultaneous_lane_execution,no,0,Preflight failed before hosted search; target remains locked and unrun.
lane_4,TS4-4-e2534f8d906e5952,Norridge,IL,303,fixed_stagger_conflicts_with_no_simultaneous_lane_execution,no,0,Preflight failed before hosted search; target remains locked and unrun.
lane_4,TS4-4-800cf89e83838761,Southfield,MI,304,fixed_stagger_conflicts_with_no_simultaneous_lane_execution,no,0,Preflight failed before hosted search; target remains locked and unrun.
lane_4,TS4-4-0d1a8636e2d9998f,Somerton,AZ,305,fixed_stagger_conflicts_with_no_simultaneous_lane_execution,no,0,Preflight failed before hosted search; target remains locked and unrun.
lane_4,TS4-4-3fb40c879fe65ece,Troy,MO,306,fixed_stagger_conflicts_with_no_simultaneous_lane_execution,no,0,Preflight failed before hosted search; target remains locked and unrun.
lane_4,TS4-4-8615c8f4bd1657f8,Reidsville,NC,307,fixed_stagger_conflicts_with_no_simultaneous_lane_execution,no,0,Preflight failed before hosted search; target remains locked and unrun.
lane_4,TS4-4-dbe526ee61d6c66b,Tolland,CT,308,fixed_stagger_conflicts_with_no_simultaneous_lane_execution,no,0,Preflight failed before hosted search; target remains locked and unrun.
lane_4,TS4-4-5218ac0ae577b746,Moultrie,GA,309,fixed_stagger_conflicts_with_no_simultaneous_lane_execution,no,0,Preflight failed before hosted search; target remains locked and unrun.
lane_4,TS4-4-34141baa2feee60e,Azle,TX,310,fixed_stagger_conflicts_with_no_simultaneous_lane_execution,no,0,Preflight failed before hosted search; target remains locked and unrun.
lane_4,TS4-4-e6df91b548652fc7,Uxbridge,MA,311,fixed_stagger_conflicts_with_no_simultaneous_lane_execution,no,0,Preflight failed before hosted search; target remains locked and unrun.
lane_4,TS4-4-588dd6692392fe2c,Chatham,IL,312,fixed_stagger_conflicts_with_no_simultaneous_lane_execution,no,0,Preflight failed before hosted search; target remains locked and unrun.
lane_4,TS4-4-46c1edb0d82da48c,Davidson,NC,313,fixed_stagger_conflicts_with_no_simultaneous_lane_execution,no,0,Preflight failed before hosted search; target remains locked and unrun.
lane_4,TS4-4-06cd74d1ca4f9a72,Wilbraham,MA,314,fixed_stagger_conflicts_with_no_simultaneous_lane_execution,no,0,Preflight failed before hosted search; target remains locked and unrun.
lane_4,TS4-4-d042a5e34d9b232c,Pelham,NH,315,fixed_stagger_conflicts_with_no_simultaneous_lane_execution,no,0,Preflight failed before hosted search; target remains locked and unrun.
lane_4,TS4-4-6c83ad8de8f04b9b,Morris,IL,316,fixed_stagger_conflicts_with_no_simultaneous_lane_execution,no,0,Preflight failed before hosted search; target remains locked and unrun.
lane_4,TS4-4-3f94bd725e8cfd1f,Vineyard,UT,317,fixed_stagger_conflicts_with_no_simultaneous_lane_execution,no,0,Preflight failed before hosted search; target remains locked and unrun.
lane_4,TS4-4-57d07b23bcd1c3f9,Ada,MI,318,fixed_stagger_conflicts_with_no_simultaneous_lane_execution,no,0,Preflight failed before hosted search; target remains locked and unrun.
lane_4,TS4-4-92c10b4ef7956b8f,Poland,OH,319,fixed_stagger_conflicts_with_no_simultaneous_lane_execution,no,0,Preflight failed before hosted search; target remains locked and unrun.
lane_4,TS4-4-335bc3a878c07e3d,Swansea,IL,320,fixed_stagger_conflicts_with_no_simultaneous_lane_execution,no,0,Preflight failed before hosted search; target remains locked and unrun.
lane_4,TS4-4-24111c12f6c6fb61,Alexander City,AL,321,fixed_stagger_conflicts_with_no_simultaneous_lane_execution,no,0,Preflight failed before hosted search; target remains locked and unrun.
lane_4,TS4-4-6fb79a76a3896702,Port Wentworth,GA,322,fixed_stagger_conflicts_with_no_simultaneous_lane_execution,no,0,Preflight failed before hosted search; target remains locked and unrun.
lane_4,TS4-4-52431aa374c1ed97,Nether Providence,PA,323,fixed_stagger_conflicts_with_no_simultaneous_lane_execution,no,0,Preflight failed before hosted search; target remains locked and unrun.
lane_4,TS4-4-fb3b798d940f12d8,Skippack,PA,324,fixed_stagger_conflicts_with_no_simultaneous_lane_execution,no,0,Preflight failed before hosted search; target remains locked and unrun.
lane_4,TS4-4-8b41a4535e34f7da,Silver Creek,IN,325,fixed_stagger_conflicts_with_no_simultaneous_lane_execution,no,0,Preflight failed before hosted search; target remains locked and unrun.
lane_4,TS4-4-66f1aa56e2bd13ed,Jasper,AL,326,fixed_stagger_conflicts_with_no_simultaneous_lane_execution,no,0,Preflight failed before hosted search; target remains locked and unrun.
lane_4,TS4-4-b21d75e9de8c086d,Nantucket,MA,327,fixed_stagger_conflicts_with_no_simultaneous_lane_execution,no,0,Preflight failed before hosted search; target remains locked and unrun.
lane_4,TS4-4-6ec2eeb5ddb3ac7d,Olmsted,OH,328,fixed_stagger_conflicts_with_no_simultaneous_lane_execution,no,0,Preflight failed before hosted search; target remains locked and unrun.
lane_4,TS4-4-dae81b7139d540f5,Centre,IN,329,fixed_stagger_conflicts_with_no_simultaneous_lane_execution,no,0,Preflight failed before hosted search; target remains locked and unrun.
lane_4,TS4-4-00bd101c83486e3e,Fraser,MI,330,fixed_stagger_conflicts_with_no_simultaneous_lane_execution,no,0,Preflight failed before hosted search; target remains locked and unrun.
lane_4,TS4-4-accc7b7d63bdf154,Mahomet,IL,331,fixed_stagger_conflicts_with_no_simultaneous_lane_execution,no,0,Preflight failed before hosted search; target remains locked and unrun.
lane_4,TS4-4-47cab55d597de91a,Bainbridge,GA,332,fixed_stagger_conflicts_with_no_simultaneous_lane_execution,no,0,Preflight failed before hosted search; target remains locked and unrun.
lane_4,TS4-4-a3087823e4e69605,Richland,OH,333,fixed_stagger_conflicts_with_no_simultaneous_lane_execution,no,0,Preflight failed before hosted search; target remains locked and unrun.
lane_4,TS4-4-f6f04c492e5af763,Beech Grove,IN,334,fixed_stagger_conflicts_with_no_simultaneous_lane_execution,no,0,Preflight failed before hosted search; target remains locked and unrun.
lane_4,TS4-4-82eb9ec0c3a3d193,Cannon,MI,335,fixed_stagger_conflicts_with_no_simultaneous_lane_execution,no,0,Preflight failed before hosted search; target remains locked and unrun.
lane_4,TS4-4-04c697f48e4f2395,Jacksonville,TX,336,fixed_stagger_conflicts_with_no_simultaneous_lane_execution,no,0,Preflight failed before hosted search; target remains locked and unrun.
lane_4,TS4-4-4b80cfe83412abc1,Key Biscayne,FL,337,fixed_stagger_conflicts_with_no_simultaneous_lane_execution,no,0,Preflight failed before hosted search; target remains locked and unrun.
lane_4,TS4-4-6546b82b33b50c0c,Narragansett,RI,338,fixed_stagger_conflicts_with_no_simultaneous_lane_execution,no,0,Preflight failed before hosted search; target remains locked and unrun.
lane_4,TS4-4-47e24b0f2556b45c,East Bridgewater,MA,339,fixed_stagger_conflicts_with_no_simultaneous_lane_execution,no,0,Preflight failed before hosted search; target remains locked and unrun.
lane_4,TS4-4-d1c563f4e2a643f2,Duchouquet,OH,340,fixed_stagger_conflicts_with_no_simultaneous_lane_execution,no,0,Preflight failed before hosted search; target remains locked and unrun.
lane_4,TS4-4-4253dc76141f5f0d,Wendell,NC,341,fixed_stagger_conflicts_with_no_simultaneous_lane_execution,no,0,Preflight failed before hosted search; target remains locked and unrun.
lane_4,TS4-4-46f40c244fca485b,Little Falls,NJ,342,fixed_stagger_conflicts_with_no_simultaneous_lane_execution,no,0,Preflight failed before hosted search; target remains locked and unrun.
lane_4,TS4-4-8985d2693eef349c,Clarkston,GA,343,fixed_stagger_conflicts_with_no_simultaneous_lane_execution,no,0,Preflight failed before hosted search; target remains locked and unrun.
lane_4,TS4-4-8f1e9bae78294b9a,Bedford,MA,344,fixed_stagger_conflicts_with_no_simultaneous_lane_execution,no,0,Preflight failed before hosted search; target remains locked and unrun.
lane_4,TS4-4-a8415e744bd0e754,Saddle Brook,NJ,345,fixed_stagger_conflicts_with_no_simultaneous_lane_execution,no,0,Preflight failed before hosted search; target remains locked and unrun.
lane_4,TS4-4-2b129ea84d4eaad5,Great Bend,KS,346,fixed_stagger_conflicts_with_no_simultaneous_lane_execution,no,0,Preflight failed before hosted search; target remains locked and unrun.
lane_4,TS4-4-0b05e6bb193d1ee5,American,OH,347,fixed_stagger_conflicts_with_no_simultaneous_lane_execution,no,0,Preflight failed before hosted search; target remains locked and unrun.
lane_4,TS4-4-7092e554015ed340,Cromwell,CT,348,fixed_stagger_conflicts_with_no_simultaneous_lane_execution,no,0,Preflight failed before hosted search; target remains locked and unrun.
lane_4,TS4-4-3201ee482cad1598,Monroe charter,MI,349,fixed_stagger_conflicts_with_no_simultaneous_lane_execution,no,0,Preflight failed before hosted search; target remains locked and unrun.
lane_4,TS4-4-f24b2e54109d6e72,Glenpool,OK,350,fixed_stagger_conflicts_with_no_simultaneous_lane_execution,no,0,Preflight failed before hosted search; target remains locked and unrun.
lane_4,TS4-4-a26b1b366edbc4a2,Ozark,AL,351,fixed_stagger_conflicts_with_no_simultaneous_lane_execution,no,0,Preflight failed before hosted search; target remains locked and unrun.
lane_4,TS4-4-1494965cd49125c8,Lindenhurst,IL,352,fixed_stagger_conflicts_with_no_simultaneous_lane_execution,no,0,Preflight failed before hosted search; target remains locked and unrun.
lane_4,TS4-4-80c622cef07cf7cf,Goshen,NY,353,fixed_stagger_conflicts_with_no_simultaneous_lane_execution,no,0,Preflight failed before hosted search; target remains locked and unrun.
lane_4,TS4-4-ff14c35ab76f7908,Verona,NJ,354,fixed_stagger_conflicts_with_no_simultaneous_lane_execution,no,0,Preflight failed before hosted search; target remains locked and unrun.
lane_4,TS4-4-a45486cc8a23d63b,Orange,CT,355,fixed_stagger_conflicts_with_no_simultaneous_lane_execution,no,0,Preflight failed before hosted search; target remains locked and unrun.
lane_4,TS4-4-ae6ed594d3bc9936,Elizabethton,TN,356,fixed_stagger_conflicts_with_no_simultaneous_lane_execution,no,0,Preflight failed before hosted search; target remains locked and unrun.
lane_4,TS4-4-3b87feb72c1e9a10,Plumstead,PA,357,fixed_stagger_conflicts_with_no_simultaneous_lane_execution,no,0,Preflight failed before hosted search; target remains locked and unrun.
lane_4,TS4-4-0088f76a4e4488ff,Dumas,TX,358,fixed_stagger_conflicts_with_no_simultaneous_lane_execution,no,0,Preflight failed before hosted search; target remains locked and unrun.
lane_4,TS4-4-0e643c0e001fea92,Niles,MI,359,fixed_stagger_conflicts_with_no_simultaneous_lane_execution,no,0,Preflight failed before hosted search; target remains locked and unrun.
lane_4,TS4-4-ae021b6d11e3ce0c,Mount Vernon,IL,360,fixed_stagger_conflicts_with_no_simultaneous_lane_execution,no,0,Preflight failed before hosted search; target remains locked and unrun.
lane_4,TS4-4-c3ff9c2f13ce1de8,Tomball,TX,361,fixed_stagger_conflicts_with_no_simultaneous_lane_execution,no,0,Preflight failed before hosted search; target remains locked and unrun.
lane_4,TS4-4-0ae921e02a0b2296,Urbana,OH,362,fixed_stagger_conflicts_with_no_simultaneous_lane_execution,no,0,Preflight failed before hosted search; target remains locked and unrun.
lane_4,TS4-4-8722f839e82b223e,Richland,PA,363,fixed_stagger_conflicts_with_no_simultaneous_lane_execution,no,0,Preflight failed before hosted search; target remains locked and unrun.
lane_4,TS4-4-09c8edc9fe7fe69e,Speedway,IN,364,fixed_stagger_conflicts_with_no_simultaneous_lane_execution,no,0,Preflight failed before hosted search; target remains locked and unrun.
lane_4,TS4-4-62389eafbfb59b35,Forest Hill,TX,365,fixed_stagger_conflicts_with_no_simultaneous_lane_execution,no,0,Preflight failed before hosted search; target remains locked and unrun.
lane_4,TS4-4-5b4c421a5ea599f4,Lakeland,TN,366,fixed_stagger_conflicts_with_no_simultaneous_lane_execution,no,0,Preflight failed before hosted search; target remains locked and unrun.
lane_4,TS4-4-96490dbeb678dd7b,Van Buren,NY,367,fixed_stagger_conflicts_with_no_simultaneous_lane_execution,no,0,Preflight failed before hosted search; target remains locked and unrun.
lane_4,TS4-4-654c6f81d8815a04,Channahon,IL,368,fixed_stagger_conflicts_with_no_simultaneous_lane_execution,no,0,Preflight failed before hosted search; target remains locked and unrun.
lane_4,TS4-4-a9f6c926e0fc89a4,Lumberton,TX,369,fixed_stagger_conflicts_with_no_simultaneous_lane_execution,no,0,Preflight failed before hosted search; target remains locked and unrun.
lane_4,TS4-4-82657f80e5f3435d,Benton charter,MI,370,fixed_stagger_conflicts_with_no_simultaneous_lane_execution,no,0,Preflight failed before hosted search; target remains locked and unrun.
lane_4,TS4-4-e41cad21d7db04f1,York,ME,371,fixed_stagger_conflicts_with_no_simultaneous_lane_execution,no,0,Preflight failed before hosted search; target remains locked and unrun.
lane_4,TS4-4-69672d5fc7dcf5fd,Beekman,NY,372,fixed_stagger_conflicts_with_no_simultaneous_lane_execution,no,0,Preflight failed before hosted search; target remains locked and unrun.
lane_4,TS4-4-d8a4c949cd9a0edc,Weddington,NC,373,fixed_stagger_conflicts_with_no_simultaneous_lane_execution,no,0,Preflight failed before hosted search; target remains locked and unrun.
lane_4,TS4-4-78c0ce02ded1efac,Avenal,CA,374,fixed_stagger_conflicts_with_no_simultaneous_lane_execution,no,0,Preflight failed before hosted search; target remains locked and unrun.
lane_4,TS4-4-b073c7ac153852ac,Lower Moreland,PA,375,fixed_stagger_conflicts_with_no_simultaneous_lane_execution,no,0,Preflight failed before hosted search; target remains locked and unrun.
lane_4,TS4-4-4e9485c9e6fb0fcf,Lone Tree,CO,376,fixed_stagger_conflicts_with_no_simultaneous_lane_execution,no,0,Preflight failed before hosted search; target remains locked and unrun.
lane_4,TS4-4-b92a41d6d28708e4,Beach Park,IL,377,fixed_stagger_conflicts_with_no_simultaneous_lane_execution,no,0,Preflight failed before hosted search; target remains locked and unrun.
lane_4,TS4-4-254d1b3b58fa50bf,Tega Cay,SC,378,fixed_stagger_conflicts_with_no_simultaneous_lane_execution,no,0,Preflight failed before hosted search; target remains locked and unrun.
lane_4,TS4-4-0f9580d3eccfbf6e,McFarland,CA,379,fixed_stagger_conflicts_with_no_simultaneous_lane_execution,no,0,Preflight failed before hosted search; target remains locked and unrun.
lane_4,TS4-4-019f931be67e0420,Pineville,LA,380,fixed_stagger_conflicts_with_no_simultaneous_lane_execution,no,0,Preflight failed before hosted search; target remains locked and unrun.
lane_4,TS4-4-0c777685d801a96f,Cedar Creek,IN,381,fixed_stagger_conflicts_with_no_simultaneous_lane_execution,no,0,Preflight failed before hosted search; target remains locked and unrun.
lane_4,TS4-4-76437a01a11bf10b,East Norriton,PA,382,fixed_stagger_conflicts_with_no_simultaneous_lane_execution,no,0,Preflight failed before hosted search; target remains locked and unrun.
lane_4,TS4-4-32d7e4e1a8e84e79,Polk,MO,383,fixed_stagger_conflicts_with_no_simultaneous_lane_execution,no,0,Preflight failed before hosted search; target remains locked and unrun.
lane_4,TS4-4-9d237d84c39eddba,Millbury,MA,384,fixed_stagger_conflicts_with_no_simultaneous_lane_execution,no,0,Preflight failed before hosted search; target remains locked and unrun.
lane_4,TS4-4-ada703ad69b9b473,Lewisville,NC,385,fixed_stagger_conflicts_with_no_simultaneous_lane_execution,no,0,Preflight failed before hosted search; target remains locked and unrun.
lane_4,TS4-4-d13f06d1e3e797e4,Newcastle,OK,386,fixed_stagger_conflicts_with_no_simultaneous_lane_execution,no,0,Preflight failed before hosted search; target remains locked and unrun.
lane_4,TS4-4-8d4526468d781bc2,Robbinsdale,MN,387,fixed_stagger_conflicts_with_no_simultaneous_lane_execution,no,0,Preflight failed before hosted search; target remains locked and unrun.
lane_4,TS4-4-3b102e6e62eb68bb,Jefferson,OH,388,fixed_stagger_conflicts_with_no_simultaneous_lane_execution,no,0,Preflight failed before hosted search; target remains locked and unrun.
lane_4,TS4-4-85c8295f61629ab9,Alpine,MI,389,fixed_stagger_conflicts_with_no_simultaneous_lane_execution,no,0,Preflight failed before hosted search; target remains locked and unrun.
lane_4,TS4-4-75852fc1346e6dc0,Kingston,MA,390,fixed_stagger_conflicts_with_no_simultaneous_lane_execution,no,0,Preflight failed before hosted search; target remains locked and unrun.
lane_4,TS4-4-4fd28de53d0463e6,Federal Heights,CO,391,fixed_stagger_conflicts_with_no_simultaneous_lane_execution,no,0,Preflight failed before hosted search; target remains locked and unrun.
lane_4,TS4-4-5912efda2d353d5f,Centralia,IL,392,fixed_stagger_conflicts_with_no_simultaneous_lane_execution,no,0,Preflight failed before hosted search; target remains locked and unrun.
lane_4,TS4-4-3667d12d646683bb,Pell City,AL,393,fixed_stagger_conflicts_with_no_simultaneous_lane_execution,no,0,Preflight failed before hosted search; target remains locked and unrun.
lane_4,TS4-4-28b9f942c3f962e6,Upper,OH,394,fixed_stagger_conflicts_with_no_simultaneous_lane_execution,no,0,Preflight failed before hosted search; target remains locked and unrun.
lane_4,TS4-4-74d950a00db0cac6,McPherson,KS,395,fixed_stagger_conflicts_with_no_simultaneous_lane_execution,no,0,Preflight failed before hosted search; target remains locked and unrun.
lane_4,TS4-4-f5421511e7f10095,Ipswich,MA,396,fixed_stagger_conflicts_with_no_simultaneous_lane_execution,no,0,Preflight failed before hosted search; target remains locked and unrun.
lane_4,TS4-4-7e1eb546744b1245,Auburn,IN,397,fixed_stagger_conflicts_with_no_simultaneous_lane_execution,no,0,Preflight failed before hosted search; target remains locked and unrun.
lane_4,TS4-4-6d9bc516bb801c39,Hickory Hills,IL,398,fixed_stagger_conflicts_with_no_simultaneous_lane_execution,no,0,Preflight failed before hosted search; target remains locked and unrun.
lane_4,TS4-4-990a1c1e19b713f4,Glen Carbon,IL,399,fixed_stagger_conflicts_with_no_simultaneous_lane_execution,no,0,Preflight failed before hosted search; target remains locked and unrun.
lane_4,TS4-4-dce0e4d3f573a119,College Park,GA,400,fixed_stagger_conflicts_with_no_simultaneous_lane_execution,no,0,Preflight failed before hosted search; target remains locked and unrun.
lane_4,TS4-4-7a6afb140f6c24a0,Bedford,IN,401,fixed_stagger_conflicts_with_no_simultaneous_lane_execution,no,0,Preflight failed before hosted search; target remains locked and unrun.
lane_4,TS4-4-ba0977e4a1a034ba,Beaufort,SC,402,fixed_stagger_conflicts_with_no_simultaneous_lane_execution,no,0,Preflight failed before hosted search; target remains locked and unrun.
lane_4,TS4-4-5647575892839e7b,Aurora,NY,403,fixed_stagger_conflicts_with_no_simultaneous_lane_execution,no,0,Preflight failed before hosted search; target remains locked and unrun.
lane_4,TS4-4-398d4e24ef122b3a,Bangor charter,MI,404,fixed_stagger_conflicts_with_no_simultaneous_lane_execution,no,0,Preflight failed before hosted search; target remains locked and unrun.
lane_4,TS4-4-2b9e732e8be76cca,Woolwich,NJ,405,fixed_stagger_conflicts_with_no_simultaneous_lane_execution,no,0,Preflight failed before hosted search; target remains locked and unrun.
lane_4,TS4-4-feed1dc5ad9a6a74,Chicago Ridge,IL,406,fixed_stagger_conflicts_with_no_simultaneous_lane_execution,no,0,Preflight failed before hosted search; target remains locked and unrun.
lane_4,TS4-4-b31c504a48905bf4,Bardstown,KY,407,fixed_stagger_conflicts_with_no_simultaneous_lane_execution,no,0,Preflight failed before hosted search; target remains locked and unrun.
lane_4,TS4-4-7f4dbc50d16f1b87,Fruita,CO,408,fixed_stagger_conflicts_with_no_simultaneous_lane_execution,no,0,Preflight failed before hosted search; target remains locked and unrun.
lane_4,TS4-4-1635e03f923e40c0,Chino Valley,AZ,409,fixed_stagger_conflicts_with_no_simultaneous_lane_execution,no,0,Preflight failed before hosted search; target remains locked and unrun.
lane_4,TS4-4-bc2db970c7273807,Newport,KY,410,fixed_stagger_conflicts_with_no_simultaneous_lane_execution,no,0,Preflight failed before hosted search; target remains locked and unrun.
lane_4,TS4-4-d41556a1e5f8f7a2,Harrison,NJ,411,fixed_stagger_conflicts_with_no_simultaneous_lane_execution,no,0,Preflight failed before hosted search; target remains locked and unrun.
lane_4,TS4-4-6fdd5dfe29fe7810,Dardenne Prairie,MO,412,fixed_stagger_conflicts_with_no_simultaneous_lane_execution,no,0,Preflight failed before hosted search; target remains locked and unrun.
lane_4,TS4-4-e3b6e00ac4abba09,California City,CA,413,fixed_stagger_conflicts_with_no_simultaneous_lane_execution,no,0,Preflight failed before hosted search; target remains locked and unrun.
lane_4,TS4-4-1d90da300a839d1b,Mill Valley,CA,414,fixed_stagger_conflicts_with_no_simultaneous_lane_execution,no,0,Preflight failed before hosted search; target remains locked and unrun.
lane_4,TS4-4-505f314f590a60ce,McMinnville,TN,415,fixed_stagger_conflicts_with_no_simultaneous_lane_execution,no,0,Preflight failed before hosted search; target remains locked and unrun.
lane_4,TS4-4-122ab48cf8c5f710,South Daytona,FL,416,fixed_stagger_conflicts_with_no_simultaneous_lane_execution,no,0,Preflight failed before hosted search; target remains locked and unrun.
lane_4,TS4-4-a7a65afefd044c86,Boon,IN,417,fixed_stagger_conflicts_with_no_simultaneous_lane_execution,no,0,Preflight failed before hosted search; target remains locked and unrun.
lane_4,TS4-4-59322624da8c58f2,Medina,IL,418,fixed_stagger_conflicts_with_no_simultaneous_lane_execution,no,0,Preflight failed before hosted search; target remains locked and unrun.
lane_4,TS4-4-2272c3e4ed9884b9,Sauk Rapids,MN,419,fixed_stagger_conflicts_with_no_simultaneous_lane_execution,no,0,Preflight failed before hosted search; target remains locked and unrun.
lane_4,TS4-4-8b4fa77e444dd98a,Wood Dale,IL,420,fixed_stagger_conflicts_with_no_simultaneous_lane_execution,no,0,Preflight failed before hosted search; target remains locked and unrun.
lane_4,TS4-4-bca85e33dd5f27aa,Winfield,IN,421,fixed_stagger_conflicts_with_no_simultaneous_lane_execution,no,0,Preflight failed before hosted search; target remains locked and unrun.
lane_4,TS4-4-62304f290d74bdf3,Canton,IL,422,fixed_stagger_conflicts_with_no_simultaneous_lane_execution,no,0,Preflight failed before hosted search; target remains locked and unrun.
lane_4,TS4-4-3368083bbf8488b0,Martinsville,VA,423,fixed_stagger_conflicts_with_no_simultaneous_lane_execution,no,0,Preflight failed before hosted search; target remains locked and unrun.
lane_4,TS4-4-fdfb8f50d6340d3d,Lake Elmo,MN,424,fixed_stagger_conflicts_with_no_simultaneous_lane_execution,no,0,Preflight failed before hosted search; target remains locked and unrun.
lane_4,TS4-4-5fc8b1803db1d7a1,Cambridge,OH,425,fixed_stagger_conflicts_with_no_simultaneous_lane_execution,no,0,Preflight failed before hosted search; target remains locked and unrun.
lane_4,TS4-4-ec087a51402ac264,Leoni,MI,426,fixed_stagger_conflicts_with_no_simultaneous_lane_execution,no,0,Preflight failed before hosted search; target remains locked and unrun.
lane_4,TS4-4-0d915fe683aca0f0,Waconia,MN,427,fixed_stagger_conflicts_with_no_simultaneous_lane_execution,no,0,Preflight failed before hosted search; target remains locked and unrun.
lane_4,TS4-4-0854d6d1ab90e60e,Gonzales,LA,428,fixed_stagger_conflicts_with_no_simultaneous_lane_execution,no,0,Preflight failed before hosted search; target remains locked and unrun.
lane_4,TS4-4-b55cd345ab6e6dab,Mapleton,UT,429,fixed_stagger_conflicts_with_no_simultaneous_lane_execution,no,0,Preflight failed before hosted search; target remains locked and unrun.
lane_4,TS4-4-304a5bed5568cf7f,Waycross,GA,430,fixed_stagger_conflicts_with_no_simultaneous_lane_execution,no,0,Preflight failed before hosted search; target remains locked and unrun.
lane_4,TS4-4-9119fba8b4d07363,Perrysburg,OH,431,fixed_stagger_conflicts_with_no_simultaneous_lane_execution,no,0,Preflight failed before hosted search; target remains locked and unrun.
lane_4,TS4-4-ccfb76ea39f6d144,Noble,IN,432,fixed_stagger_conflicts_with_no_simultaneous_lane_execution,no,0,Preflight failed before hosted search; target remains locked and unrun.
lane_4,TS4-4-67a015fde836e818,Midlothian,IL,433,fixed_stagger_conflicts_with_no_simultaneous_lane_execution,no,0,Preflight failed before hosted search; target remains locked and unrun.
lane_4,TS4-4-e8bc9f7f00e7d1da,Trophy Club,TX,434,fixed_stagger_conflicts_with_no_simultaneous_lane_execution,no,0,Preflight failed before hosted search; target remains locked and unrun.
lane_4,TS4-4-05901da68b7071a2,Spring Garden,PA,435,fixed_stagger_conflicts_with_no_simultaneous_lane_execution,no,0,Preflight failed before hosted search; target remains locked and unrun.
lane_4,TS4-4-066e1bba36ee4599,Seabrook,TX,436,fixed_stagger_conflicts_with_no_simultaneous_lane_execution,no,0,Preflight failed before hosted search; target remains locked and unrun.
lane_4,TS4-4-ab37739b339d8e08,Forest Park,IL,437,fixed_stagger_conflicts_with_no_simultaneous_lane_execution,no,0,Preflight failed before hosted search; target remains locked and unrun.
lane_4,TS4-4-97846f4f467f2c72,Cayce,SC,438,fixed_stagger_conflicts_with_no_simultaneous_lane_execution,no,0,Preflight failed before hosted search; target remains locked and unrun.
lane_4,TS4-4-999126f8a96b8a3c,Auburn,CA,439,fixed_stagger_conflicts_with_no_simultaneous_lane_execution,no,0,Preflight failed before hosted search; target remains locked and unrun.
lane_4,TS4-4-03113f14c90796f8,Marion,AR,440,fixed_stagger_conflicts_with_no_simultaneous_lane_execution,no,0,Preflight failed before hosted search; target remains locked and unrun.
lane_4,TS4-4-6f1ecea03076f06e,South Park,PA,441,fixed_stagger_conflicts_with_no_simultaneous_lane_execution,no,0,Preflight failed before hosted search; target remains locked and unrun.
lane_4,TS4-4-5e51cc15a59672b1,Marshall,MO,442,fixed_stagger_conflicts_with_no_simultaneous_lane_execution,no,0,Preflight failed before hosted search; target remains locked and unrun.
lane_4,TS4-4-611027b44e1833fd,Antwerp,MI,443,fixed_stagger_conflicts_with_no_simultaneous_lane_execution,no,0,Preflight failed before hosted search; target remains locked and unrun.
lane_4,TS4-4-2458c92a93045ac1,Rogers,MN,444,fixed_stagger_conflicts_with_no_simultaneous_lane_execution,no,0,Preflight failed before hosted search; target remains locked and unrun.
lane_4,TS4-4-9557435943371606,Moody,AL,445,fixed_stagger_conflicts_with_no_simultaneous_lane_execution,no,0,Preflight failed before hosted search; target remains locked and unrun.
lane_4,TS4-4-14853e6ff916d57d,Harwich,MA,446,fixed_stagger_conflicts_with_no_simultaneous_lane_execution,no,0,Preflight failed before hosted search; target remains locked and unrun.
lane_4,TS4-4-5e9fb9ab47a121b7,Port Neches,TX,447,fixed_stagger_conflicts_with_no_simultaneous_lane_execution,no,0,Preflight failed before hosted search; target remains locked and unrun.
lane_4,TS4-4-fda65f8d4ebd605f,Portland,TN,448,fixed_stagger_conflicts_with_no_simultaneous_lane_execution,no,0,Preflight failed before hosted search; target remains locked and unrun.
lane_4,TS4-4-dafaa33a3faf5433,Arcadia,NY,449,fixed_stagger_conflicts_with_no_simultaneous_lane_execution,no,0,Preflight failed before hosted search; target remains locked and unrun.
lane_4,TS4-4-98dcb869bf9bd6f2,Salisbury,PA,450,fixed_stagger_conflicts_with_no_simultaneous_lane_execution,no,0,Preflight failed before hosted search; target remains locked and unrun.
lane_4,TS4-4-21fd5d112344b285,Medway,MA,451,fixed_stagger_conflicts_with_no_simultaneous_lane_execution,no,0,Preflight failed before hosted search; target remains locked and unrun.
lane_4,TS4-4-a01efca2e0bd19bf,Lawrence,OH,452,fixed_stagger_conflicts_with_no_simultaneous_lane_execution,no,0,Preflight failed before hosted search; target remains locked and unrun.
lane_4,TS4-4-b8030b70762600e3,Irondale,AL,453,fixed_stagger_conflicts_with_no_simultaneous_lane_execution,no,0,Preflight failed before hosted search; target remains locked and unrun.
lane_4,TS4-4-28fa75f3468bff1e,New Hanover,PA,454,fixed_stagger_conflicts_with_no_simultaneous_lane_execution,no,0,Preflight failed before hosted search; target remains locked and unrun.
lane_4,TS4-4-f749d7845cdebcf5,Kilgore,TX,455,fixed_stagger_conflicts_with_no_simultaneous_lane_execution,no,0,Preflight failed before hosted search; target remains locked and unrun.
lane_4,TS4-4-5a4dcc518d75841f,Steamboat Springs,CO,456,fixed_stagger_conflicts_with_no_simultaneous_lane_execution,no,0,Preflight failed before hosted search; target remains locked and unrun.
lane_4,TS4-4-39c8cf4e1f2acd4a,Athens,TX,457,fixed_stagger_conflicts_with_no_simultaneous_lane_execution,no,0,Preflight failed before hosted search; target remains locked and unrun.
lane_4,TS4-4-cc9033ffaf30d532,Andrews,TX,458,fixed_stagger_conflicts_with_no_simultaneous_lane_execution,no,0,Preflight failed before hosted search; target remains locked and unrun.
lane_4,TS4-4-9536b3c18cd59a4e,New Fairfield,CT,459,fixed_stagger_conflicts_with_no_simultaneous_lane_execution,no,0,Preflight failed before hosted search; target remains locked and unrun.
lane_4,TS4-4-a7b999115e27f20c,Henderson,TX,460,fixed_stagger_conflicts_with_no_simultaneous_lane_execution,no,0,Preflight failed before hosted search; target remains locked and unrun.
lane_4,TS4-4-3dcd1c5524643df7,Festus,MO,461,fixed_stagger_conflicts_with_no_simultaneous_lane_execution,no,0,Preflight failed before hosted search; target remains locked and unrun.
lane_4,TS4-4-0e20214451fb08a7,Franconia,PA,462,fixed_stagger_conflicts_with_no_simultaneous_lane_execution,no,0,Preflight failed before hosted search; target remains locked and unrun.
lane_4,TS4-4-f2ac525a2b1729fc,Bath charter,MI,463,fixed_stagger_conflicts_with_no_simultaneous_lane_execution,no,0,Preflight failed before hosted search; target remains locked and unrun.
lane_4,TS4-4-ef019651a6a60d26,Amity,PA,464,fixed_stagger_conflicts_with_no_simultaneous_lane_execution,no,0,Preflight failed before hosted search; target remains locked and unrun.
lane_4,TS4-4-ada5a52443c38abf,Riverside,KS,465,fixed_stagger_conflicts_with_no_simultaneous_lane_execution,no,0,Preflight failed before hosted search; target remains locked and unrun.
lane_4,TS4-4-2258d7de6de424db,North Branford,CT,466,fixed_stagger_conflicts_with_no_simultaneous_lane_execution,no,0,Preflight failed before hosted search; target remains locked and unrun.
lane_4,TS4-4-8ce58fe63270b6fe,Harrison,AR,467,fixed_stagger_conflicts_with_no_simultaneous_lane_execution,no,0,Preflight failed before hosted search; target remains locked and unrun.
lane_4,TS4-4-83623ff23eb5df20,Clinton,CT,468,fixed_stagger_conflicts_with_no_simultaneous_lane_execution,no,0,Preflight failed before hosted search; target remains locked and unrun.
lane_4,TS4-4-273650b10f26435b,Newell,IL,469,fixed_stagger_conflicts_with_no_simultaneous_lane_execution,no,0,Preflight failed before hosted search; target remains locked and unrun.
lane_4,TS4-4-0f27a795b6618fa7,Newton,NC,470,fixed_stagger_conflicts_with_no_simultaneous_lane_execution,no,0,Preflight failed before hosted search; target remains locked and unrun.
lane_4,TS4-4-f52a0526e9861aca,Hawaiian Gardens,CA,471,fixed_stagger_conflicts_with_no_simultaneous_lane_execution,no,0,Preflight failed before hosted search; target remains locked and unrun.
lane_4,TS4-4-c63ec952ca67fc9f,Charlton,MA,472,fixed_stagger_conflicts_with_no_simultaneous_lane_execution,no,0,Preflight failed before hosted search; target remains locked and unrun.
lane_4,TS4-4-6e80e52831b6d800,Shawangunk,NY,473,fixed_stagger_conflicts_with_no_simultaneous_lane_execution,no,0,Preflight failed before hosted search; target remains locked and unrun.
lane_4,TS4-4-a1a833feb34860af,Superior,CO,474,fixed_stagger_conflicts_with_no_simultaneous_lane_execution,no,0,Preflight failed before hosted search; target remains locked and unrun.
lane_4,TS4-4-70a4b6f4a234f491,Alcoa,TN,475,fixed_stagger_conflicts_with_no_simultaneous_lane_execution,no,0,Preflight failed before hosted search; target remains locked and unrun.
lane_4,TS4-4-e8033de70297e0c4,Montville,OH,476,fixed_stagger_conflicts_with_no_simultaneous_lane_execution,no,0,Preflight failed before hosted search; target remains locked and unrun.
lane_4,TS4-4-3464561a0abd0414,Sweden,NY,477,fixed_stagger_conflicts_with_no_simultaneous_lane_execution,no,0,Preflight failed before hosted search; target remains locked and unrun.
lane_4,TS4-4-5e52802d7127eb54,Neosho,MO,478,fixed_stagger_conflicts_with_no_simultaneous_lane_execution,no,0,Preflight failed before hosted search; target remains locked and unrun.
lane_4,TS4-4-d310edb680f7838f,Miami Springs,FL,479,fixed_stagger_conflicts_with_no_simultaneous_lane_execution,no,0,Preflight failed before hosted search; target remains locked and unrun.
lane_4,TS4-4-7d9f1d39338620d6,Webb City,MO,480,fixed_stagger_conflicts_with_no_simultaneous_lane_execution,no,0,Preflight failed before hosted search; target remains locked and unrun.
lane_4,TS4-4-e6837e4bb949c5e6,Dryden,NY,481,fixed_stagger_conflicts_with_no_simultaneous_lane_execution,no,0,Preflight failed before hosted search; target remains locked and unrun.
lane_4,TS4-4-7970ed2dda683145,Cedar Grove,NJ,482,fixed_stagger_conflicts_with_no_simultaneous_lane_execution,no,0,Preflight failed before hosted search; target remains locked and unrun.
lane_4,TS4-4-e8a6ba20ef63e2af,Rehoboth,MA,483,fixed_stagger_conflicts_with_no_simultaneous_lane_execution,no,0,Preflight failed before hosted search; target remains locked and unrun.
lane_4,TS4-4-6a6fd400ea262f39,Hopewell,PA,484,fixed_stagger_conflicts_with_no_simultaneous_lane_execution,no,0,Preflight failed before hosted search; target remains locked and unrun.
lane_4,TS4-4-10ac51b7031c784d,Oxford,MA,485,fixed_stagger_conflicts_with_no_simultaneous_lane_execution,no,0,Preflight failed before hosted search; target remains locked and unrun.
lane_4,TS4-4-9f1446805f9dca15,Connersville,IN,486,fixed_stagger_conflicts_with_no_simultaneous_lane_execution,no,0,Preflight failed before hosted search; target remains locked and unrun.
lane_4,TS4-4-1dec0f98a869a921,Moberly,MO,487,fixed_stagger_conflicts_with_no_simultaneous_lane_execution,no,0,Preflight failed before hosted search; target remains locked and unrun.
lane_4,TS4-4-2112f771a755212d,Berkeley Heights,NJ,488,fixed_stagger_conflicts_with_no_simultaneous_lane_execution,no,0,Preflight failed before hosted search; target remains locked and unrun.
lane_4,TS4-4-31ae01fa3950d954,Western Springs,IL,489,fixed_stagger_conflicts_with_no_simultaneous_lane_execution,no,0,Preflight failed before hosted search; target remains locked and unrun.
lane_4,TS4-4-5e98a14e5ef34909,D'Iberville,MS,490,fixed_stagger_conflicts_with_no_simultaneous_lane_execution,no,0,Preflight failed before hosted search; target remains locked and unrun.
lane_4,TS4-4-1fbde51763894fa1,Upper Uwchlan,PA,491,fixed_stagger_conflicts_with_no_simultaneous_lane_execution,no,0,Preflight failed before hosted search; target remains locked and unrun.
lane_4,TS4-4-4be3d88734004d60,Defiance,OH,492,fixed_stagger_conflicts_with_no_simultaneous_lane_execution,no,0,Preflight failed before hosted search; target remains locked and unrun.
lane_4,TS4-4-29ee22d35acf0bb3,Orangeburg,SC,493,fixed_stagger_conflicts_with_no_simultaneous_lane_execution,no,0,Preflight failed before hosted search; target remains locked and unrun.
lane_4,TS4-4-51c98bea21cb5528,Mountain Home,AR,494,fixed_stagger_conflicts_with_no_simultaneous_lane_execution,no,0,Preflight failed before hosted search; target remains locked and unrun.
lane_4,TS4-4-f846d277233f4936,Manchester,TN,495,fixed_stagger_conflicts_with_no_simultaneous_lane_execution,no,0,Preflight failed before hosted search; target remains locked and unrun.
lane_4,TS4-4-0db681631610b211,North Greenbush,NY,496,fixed_stagger_conflicts_with_no_simultaneous_lane_execution,no,0,Preflight failed before hosted search; target remains locked and unrun.
lane_4,TS4-4-4510dad7d5db899f,Berthoud,CO,497,fixed_stagger_conflicts_with_no_simultaneous_lane_execution,no,0,Preflight failed before hosted search; target remains locked and unrun.
lane_4,TS4-4-5a08f02d98a57c2c,Soddy-Daisy,TN,498,fixed_stagger_conflicts_with_no_simultaneous_lane_execution,no,0,Preflight failed before hosted search; target remains locked and unrun.
lane_4,TS4-4-81be48d51a88c104,Beeville,TX,499,fixed_stagger_conflicts_with_no_simultaneous_lane_execution,no,0,Preflight failed before hosted search; target remains locked and unrun.
lane_4,TS4-4-10d43119dff2f6cf,LaSalle,IL,500,fixed_stagger_conflicts_with_no_simultaneous_lane_execution,no,0,Preflight failed before hosted search; target remains locked and unrun.
