hex_cell_id,geography_panel,mechanism_tag,side,implementation_event_count,projected_hex_center_x,projected_hex_center_y,centroid_latitude,centroid_longitude
ALASKA_INSET-cog_2025_160773,alaska_inset,payroll_effective_date,safety_combined,1,1275000.0,2035159.699,57.867012,-152.856248
ALASKA_INSET-cog_2025_160809,alaska_inset,payroll_effective_date,remains_unclear,1,1275000.0,2035159.699,56.29518,-158.391784
ALASKA_INSET-cog_2025_247336,alaska_inset,payroll_effective_date,remains_unclear,1,1275000.0,2035159.699,56.082115,-133.067469
CONUS50-+00000-+00009,lower_48,payroll_effective_date,police,1,0.0,779422.863,30.386399,-96.090734
CONUS50-+00000-+00009,lower_48,payroll_effective_date,remains_unclear,1,0.0,779422.863,29.764102,-96.162165
CONUS50-+00000-+00013,lower_48,payroll_effective_date,police,1,0.0,1125833.025,33.426257,-96.344594
CONUS50-+00000-+00015,lower_48,payroll_effective_date,fire,1,0.0,1299038.106,34.929783,-95.718636
CONUS50-+00000-+00015,lower_48,payroll_effective_date,remains_unclear,1,0.0,1299038.106,34.723294,-95.902895
CONUS50-+00000-+00017,lower_48,payroll_effective_date,remains_unclear,1,0.0,1472243.186,35.943753,-96.05314
CONUS50-+00000-+00020,lower_48,payroll_effective_date,remains_unclear,2,0.0,1732050.808,38.507339,-95.637764
CONUS50-+00000-+00023,lower_48,payroll_effective_date,remains_unclear,3,0.0,1991858.429,40.916421,-95.927428
CONUS50-+00000-+00025,lower_48,payroll_effective_date,police,1,0.0,2165063.509,42.62279,-96.29815
CONUS50-+00000-+00025,lower_48,payroll_effective_date,remains_unclear,1,0.0,2165063.509,42.490235,-96.067924
CONUS50-+00000-+00026,lower_48,payroll_effective_date,police,1,0.0,2251666.05,43.418215,-95.53666
CONUS50-+00000-+00027,lower_48,payroll_effective_date,police,4,0.0,2338268.59,44.232947,-95.871071
CONUS50-+00000-+00027,lower_48,payroll_effective_date,remains_unclear,5,0.0,2338268.59,44.232947,-95.871071
CONUS50-+00000-+00027,lower_48,payroll_effective_date,side_independent,2,0.0,2338268.59,43.714686,-96.00668
CONUS50-+00000-+00028,lower_48,payroll_effective_date,remains_unclear,4,0.0,2424871.131,44.464282,-96.251729
CONUS50-+00000-+00028,lower_48,payroll_effective_date,side_independent,1,0.0,2424871.131,45.015038,-95.930294
CONUS50-+00000-+00029,lower_48,payroll_effective_date,police,2,0.0,2511473.671,45.611628,-95.532189
CONUS50-+00000-+00029,lower_48,payroll_effective_date,remains_unclear,2,0.0,2511473.671,45.315182,-95.60537
CONUS50-+00000-+00029,lower_48,payroll_effective_date,side_independent,1,0.0,2511473.671,45.315182,-95.60537
CONUS50-+00000-+00030,lower_48,payroll_effective_date,remains_unclear,2,0.0,2598076.211,46.284912,-95.718697
CONUS50-+00000-+00031,lower_48,payroll_effective_date,police,2,0.0,2684678.752,46.857795,-95.859862
CONUS50-+00000-+00032,lower_48,payroll_effective_date,side_independent,1,0.0,2771281.292,47.70632,-96.018258
CONUS50-+00000-+00033,lower_48,payroll_effective_date,remains_unclear,1,0.0,2857883.832,48.701061,-96.183554
CONUS50-+00001-+00008,lower_48,payroll_effective_date,remains_unclear,1,75000.0,736121.593,29.571455,-95.045248
CONUS50-+00001-+00010,lower_48,payroll_effective_date,police,1,75000.0,909326.674,31.317111,-95.456586
CONUS50-+00001-+00013,lower_48,payroll_effective_date,side_independent,2,75000.0,1169134.295,33.551195,-94.780084
CONUS50-+00001-+00015,lower_48,payroll_effective_date,police,2,75000.0,1342339.376,35.292114,-95.586425
CONUS50-+00001-+00016,lower_48,payroll_effective_date,remains_unclear,1,75000.0,1428941.916,36.189507,-95.338902
CONUS50-+00001-+00017,lower_48,payroll_effective_date,remains_unclear,1,75000.0,1515544.457,37.058485,-95.359175
CONUS50-+00001-+00018,lower_48,payroll_effective_date,police,1,75000.0,1602146.997,37.185207,-95.291909
CONUS50-+00001-+00019,lower_48,payroll_effective_date,side_independent,1,75000.0,1688749.537,38.44523,-94.86853
CONUS50-+00001-+00020,lower_48,payroll_effective_date,police,1,75000.0,1775352.078,39.04019,-94.768526
CONUS50-+00001-+00021,lower_48,payroll_effective_date,remains_unclear,1,75000.0,1861954.618,39.8186,-95.496234
CONUS50-+00001-+00023,lower_48,payroll_effective_date,remains_unclear,2,75000.0,2035159.699,41.482816,-95.337261
CONUS50-+00001-+00024,lower_48,payroll_effective_date,police,1,75000.0,2121762.239,42.26767,-94.731054
CONUS50-+00001-+00024,lower_48,payroll_effective_date,side_independent,1,75000.0,2121762.239,41.918097,-94.940666
CONUS50-+00001-+00025,lower_48,payroll_effective_date,remains_unclear,1,75000.0,2208364.78,43.23702,-94.750469
CONUS50-+00001-+00025,lower_48,payroll_effective_date,side_independent,2,75000.0,2208364.78,42.949759,-95.012919
CONUS50-+00001-+00026,lower_48,payroll_effective_date,police,5,75000.0,2294967.32,43.644789,-94.464015
CONUS50-+00001-+00026,lower_48,payroll_effective_date,remains_unclear,1,75000.0,2294967.32,43.666246,-94.607302
CONUS50-+00001-+00027,lower_48,payroll_effective_date,non_safety,1,75000.0,2381569.86,44.41775,-95.553595
CONUS50-+00001-+00027,lower_48,payroll_effective_date,police,1,75000.0,2381569.86,44.298945,-94.723594
CONUS50-+00001-+00027,lower_48,payroll_effective_date,side_independent,1,75000.0,2381569.86,44.41775,-95.553595
CONUS50-+00001-+00028,lower_48,payroll_effective_date,police,3,75000.0,2468172.401,44.957438,-95.367668
CONUS50-+00001-+00028,lower_48,payroll_effective_date,remains_unclear,1,75000.0,2468172.401,45.378519,-94.721592
CONUS50-+00001-+00029,lower_48,payroll_effective_date,non_safety,2,75000.0,2554774.941,45.736472,-94.952729
CONUS50-+00001-+00029,lower_48,payroll_effective_date,police,5,75000.0,2554774.941,45.90404,-95.20582
CONUS50-+00001-+00029,lower_48,payroll_effective_date,remains_unclear,1,75000.0,2554774.941,45.736472,-94.952729
CONUS50-+00001-+00029,lower_48,payroll_effective_date,side_independent,1,75000.0,2554774.941,45.81956,-94.71019
CONUS50-+00001-+00030,lower_48,payroll_effective_date,remains_unclear,2,75000.0,2641377.482,46.414558,-94.717842
CONUS50-+00001-+00030,lower_48,payroll_effective_date,side_independent,1,75000.0,2641377.482,46.964831,-94.842984
CONUS50-+00001-+00031,lower_48,payroll_effective_date,police,1,75000.0,2727980.022,47.441733,-94.86111
CONUS50-+00001-+00031,lower_48,payroll_effective_date,remains_unclear,3,75000.0,2727980.022,47.52439,-95.402771
CONUS50-+00002-+00007,lower_48,payroll_effective_date,side_independent,1,150000.0,692820.323,29.32557,-94.939208
CONUS50-+00002-+00008,lower_48,payroll_effective_date,remains_unclear,1,150000.0,779422.863,30.345491,-94.176787
CONUS50-+00002-+00021,lower_48,payroll_effective_date,remains_unclear,1,150000.0,1905255.888,40.485778,-94.413458
CONUS50-+00002-+00023,lower_48,payroll_effective_date,police,2,150000.0,2078460.969,41.49441,-94.122283
CONUS50-+00002-+00024,lower_48,payroll_effective_date,police,2,150000.0,2165063.509,42.277932,-94.289735
CONUS50-+00002-+00024,lower_48,payroll_effective_date,remains_unclear,2,150000.0,2165063.509,42.361634,-94.295473
CONUS50-+00002-+00025,lower_48,payroll_effective_date,remains_unclear,1,150000.0,2251666.05,42.93416,-93.793179
CONUS50-+00002-+00026,lower_48,payroll_effective_date,police,5,150000.0,2338268.59,43.640994,-94.100339
CONUS50-+00002-+00027,lower_48,payroll_effective_date,fire,3,150000.0,2424871.131,45.008633,-93.662369
CONUS50-+00002-+00027,lower_48,payroll_effective_date,police,4,150000.0,2424871.131,44.583491,-93.710869
CONUS50-+00002-+00027,lower_48,payroll_effective_date,remains_unclear,6,150000.0,2424871.131,45.113666,-94.311495
CONUS50-+00002-+00028,lower_48,payroll_effective_date,police,3,150000.0,2511473.671,45.758035,-93.651565
CONUS50-+00002-+00028,lower_48,payroll_effective_date,remains_unclear,3,150000.0,2511473.671,45.663559,-93.909506
CONUS50-+00002-+00029,lower_48,payroll_effective_date,fire,1,150000.0,2598076.211,46.673065,-94.200893
CONUS50-+00002-+00029,lower_48,payroll_effective_date,non_safety,2,150000.0,2598076.211,46.493267,-93.94569
CONUS50-+00002-+00029,lower_48,payroll_effective_date,police,5,150000.0,2598076.211,46.343935,-94.276015
CONUS50-+00002-+00029,lower_48,payroll_effective_date,remains_unclear,4,150000.0,2598076.211,46.343935,-94.276015
CONUS50-+00002-+00030,lower_48,payroll_effective_date,remains_unclear,1,150000.0,2684678.752,47.388991,-93.749341
CONUS50-+00002-+00030,lower_48,payroll_effective_date,side_independent,1,150000.0,2684678.752,46.826794,-93.984908
CONUS50-+00003-+00007,lower_48,payroll_effective_date,police,1,225000.0,736121.593,29.960768,-93.96179
CONUS50-+00003-+00011,lower_48,payroll_effective_date,police,1,225000.0,1082531.755,32.745752,-93.975098
CONUS50-+00003-+00011,lower_48,payroll_effective_date,remains_unclear,4,225000.0,1082531.755,32.520731,-93.415702
CONUS50-+00003-+00019,lower_48,payroll_effective_date,remains_unclear,1,225000.0,1775352.078,38.987513,-93.569227
CONUS50-+00003-+00019,lower_48,payroll_effective_date,side_independent,1,225000.0,1775352.078,39.07,-92.947247
CONUS50-+00003-+00020,lower_48,payroll_effective_date,remains_unclear,1,225000.0,1861954.618,39.717518,-92.947351
CONUS50-+00003-+00022,lower_48,payroll_effective_date,remains_unclear,2,225000.0,2035159.699,41.679794,-93.23628
CONUS50-+00003-+00023,lower_48,payroll_effective_date,remains_unclear,2,225000.0,2121762.239,42.014531,-93.318587
CONUS50-+00003-+00025,lower_48,payroll_effective_date,police,2,225000.0,2294967.32,43.417081,-93.531588
CONUS50-+00003-+00025,lower_48,payroll_effective_date,remains_unclear,3,225000.0,2294967.32,43.379893,-92.917791
CONUS50-+00003-+00025,lower_48,payroll_effective_date,side_independent,1,225000.0,2294967.32,43.672098,-92.977863
CONUS50-+00003-+00026,lower_48,payroll_effective_date,non_safety,1,225000.0,2381569.86,44.175801,-93.222513
CONUS50-+00003-+00026,lower_48,payroll_effective_date,remains_unclear,1,225000.0,2381569.86,44.175801,-93.222513
CONUS50-+00003-+00026,lower_48,payroll_effective_date,side_independent,2,225000.0,2381569.86,44.238039,-92.980171
CONUS50-+00003-+00027,lower_48,payroll_effective_date,police,3,225000.0,2468172.401,45.033432,-92.810186
CONUS50-+00003-+00027,lower_48,payroll_effective_date,remains_unclear,1,225000.0,2468172.401,45.16441,-92.834255
CONUS50-+00003-+00027,lower_48,payroll_effective_date,side_independent,1,225000.0,2468172.401,45.058606,-92.830408
CONUS50-+00003-+00028,lower_48,payroll_effective_date,remains_unclear,6,225000.0,2554774.941,45.722348,-93.172197
CONUS50-+00003-+00029,lower_48,payroll_effective_date,police,1,225000.0,2641377.482,46.910627,-92.905937
CONUS50-+00003-+00030,lower_48,payroll_effective_date,police,3,225000.0,2727980.022,47.258731,-93.453936
CONUS50-+00003-+00030,lower_48,payroll_effective_date,side_independent,1,225000.0,2727980.022,47.541039,-92.86219
CONUS50-+00004-+00007,lower_48,payroll_effective_date,remains_unclear,1,300000.0,779422.863,30.029017,-92.506985
CONUS50-+00004-+00008,lower_48,payroll_effective_date,police,1,300000.0,866025.404,31.049909,-92.525253
CONUS50-+00004-+00010,lower_48,payroll_effective_date,police,1,300000.0,1039230.485,32.533076,-92.526216
CONUS50-+00004-+00010,lower_48,payroll_effective_date,remains_unclear,1,300000.0,1039230.485,32.532325,-92.783913
CONUS50-+00004-+00013,lower_48,payroll_effective_date,non_safety,1,300000.0,1299038.106,34.489442,-93.050254
CONUS50-+00004-+00013,lower_48,payroll_effective_date,police,2,300000.0,1299038.106,34.7808,-92.344976
CONUS50-+00004-+00017,lower_48,payroll_effective_date,police,1,300000.0,1645448.267,38.162751,-92.781963
CONUS50-+00004-+00021,lower_48,payroll_effective_date,non_safety,1,300000.0,1991858.429,40.891662,-92.819972
CONUS50-+00004-+00023,lower_48,payroll_effective_date,remains_unclear,1,300000.0,2165063.509,42.568498,-92.16002
CONUS50-+00004-+00024,lower_48,payroll_effective_date,side_independent,2,300000.0,2251666.05,43.529787,-91.930019
CONUS50-+00004-+00025,lower_48,payroll_effective_date,fire,1,300000.0,2338268.59,44.065198,-92.747168
CONUS50-+00004-+00025,lower_48,payroll_effective_date,police,3,300000.0,2338268.59,43.844464,-92.182851
CONUS50-+00004-+00025,lower_48,payroll_effective_date,remains_unclear,1,300000.0,2338268.59,44.065198,-92.747168
CONUS50-+00004-+00026,lower_48,payroll_effective_date,non_safety,1,300000.0,2424871.131,45.087933,-91.846896
CONUS50-+00004-+00026,lower_48,payroll_effective_date,police,6,300000.0,2424871.131,44.371107,-92.0457
CONUS50-+00004-+00026,lower_48,payroll_effective_date,remains_unclear,2,300000.0,2424871.131,44.38827,-92.253694
CONUS50-+00004-+00027,lower_48,payroll_effective_date,remains_unclear,5,300000.0,2511473.671,45.536073,-92.024753
CONUS50-+00004-+00028,lower_48,payroll_effective_date,fire,1,300000.0,2598076.211,46.189376,-91.806649
CONUS50-+00004-+00028,lower_48,payroll_effective_date,non_safety,1,300000.0,2598076.211,46.497748,-91.704353
CONUS50-+00004-+00028,lower_48,payroll_effective_date,police,1,300000.0,2598076.211,46.11635,-91.927007
CONUS50-+00004-+00028,lower_48,payroll_effective_date,remains_unclear,1,300000.0,2598076.211,46.11635,-91.927007
CONUS50-+00004-+00028,lower_48,payroll_effective_date,side_independent,1,300000.0,2598076.211,46.607955,-91.704602
CONUS50-+00004-+00029,lower_48,payroll_effective_date,fire,3,300000.0,2684678.752,46.979973,-91.881465
CONUS50-+00004-+00030,lower_48,payroll_effective_date,side_independent,3,300000.0,2771281.292,47.540312,-92.342174
CONUS50-+00005-+00013,lower_48,payroll_effective_date,police,1,375000.0,1342339.376,34.781368,-91.558058
CONUS50-+00005-+00017,lower_48,payroll_effective_date,remains_unclear,1,375000.0,1688749.537,37.969608,-91.354581
CONUS50-+00005-+00020,lower_48,payroll_effective_date,remains_unclear,2,375000.0,1948557.159,40.638812,-91.738964
CONUS50-+00005-+00021,lower_48,payroll_effective_date,remains_unclear,1,375000.0,2035159.699,41.34745,-91.128785
CONUS50-+00005-+00022,lower_48,payroll_effective_date,police,1,375000.0,2121762.239,41.655036,-91.558868
CONUS50-+00005-+00022,lower_48,payroll_effective_date,remains_unclear,2,375000.0,2121762.239,41.885751,-91.057925
CONUS50-+00005-+00023,lower_48,payroll_effective_date,side_independent,1,375000.0,2208364.78,43.041618,-91.135408
CONUS50-+00005-+00024,lower_48,payroll_effective_date,police,5,375000.0,2294967.32,43.634127,-91.500399
CONUS50-+00005-+00024,lower_48,payroll_effective_date,remains_unclear,3,375000.0,2294967.32,43.481155,-90.892126
CONUS50-+00005-+00024,lower_48,payroll_effective_date,side_independent,2,375000.0,2294967.32,43.481155,-90.892126
CONUS50-+00005-+00026,lower_48,payroll_effective_date,police,3,375000.0,2468172.401,44.804095,-90.872855
CONUS50-+00005-+00026,lower_48,payroll_effective_date,remains_unclear,2,375000.0,2468172.401,44.804095,-90.872855
CONUS50-+00005-+00027,lower_48,payroll_effective_date,fire,1,375000.0,2554774.941,45.93983,-91.596981
CONUS50-+00005-+00027,lower_48,payroll_effective_date,side_independent,1,375000.0,2554774.941,46.201642,-91.305403
CONUS50-+00006-+00007,lower_48,payroll_effective_date,remains_unclear,1,450000.0,866025.404,30.415418,-91.4394
CONUS50-+00006-+00018,lower_48,payroll_effective_date,side_independent,2,450000.0,1818653.348,39.215173,-90.375081
CONUS50-+00006-+00021,lower_48,payroll_effective_date,non_safety,4,450000.0,2078460.969,41.826415,-90.759673
CONUS50-+00006-+00021,lower_48,payroll_effective_date,police,3,450000.0,2078460.969,41.865211,-90.158715
CONUS50-+00006-+00021,lower_48,payroll_effective_date,remains_unclear,6,450000.0,2078460.969,41.587319,-90.780518
CONUS50-+00006-+00021,lower_48,payroll_effective_date,side_independent,1,450000.0,2078460.969,41.826415,-90.759673
CONUS50-+00006-+00022,lower_48,payroll_effective_date,remains_unclear,1,450000.0,2165063.509,42.048121,-90.313318
CONUS50-+00006-+00022,lower_48,payroll_effective_date,side_independent,1,450000.0,2165063.509,42.153194,-90.592277
CONUS50-+00006-+00023,lower_48,payroll_effective_date,fire,2,450000.0,2251666.05,42.871128,-90.146467
CONUS50-+00006-+00023,lower_48,payroll_effective_date,police,2,450000.0,2251666.05,42.871128,-90.146467
CONUS50-+00006-+00023,lower_48,payroll_effective_date,remains_unclear,2,450000.0,2251666.05,42.998424,-89.992575
CONUS50-+00006-+00023,lower_48,payroll_effective_date,side_independent,2,450000.0,2251666.05,43.163628,-89.907397
CONUS50-+00006-+00024,lower_48,payroll_effective_date,remains_unclear,1,450000.0,2338268.59,44.242637,-90.634863
CONUS50-+00006-+00025,lower_48,payroll_effective_date,police,1,450000.0,2424871.131,44.911327,-90.315729
CONUS50-+00006-+00025,lower_48,payroll_effective_date,remains_unclear,3,450000.0,2424871.131,44.642389,-90.022718
CONUS50-+00006-+00025,lower_48,payroll_effective_date,side_independent,2,450000.0,2424871.131,44.594933,-89.769656
CONUS50-+00006-+00026,lower_48,payroll_effective_date,police,2,450000.0,2511473.671,45.135433,-90.343502
CONUS50-+00006-+00026,lower_48,payroll_effective_date,remains_unclear,2,450000.0,2511473.671,45.858003,-90.224152
CONUS50-+00006-+00026,lower_48,payroll_effective_date,side_independent,1,450000.0,2511473.671,45.275867,-89.95244
CONUS50-+00006-+00029,lower_48,payroll_effective_date,remains_unclear,1,450000.0,2771281.292,47.758556,-90.344319
CONUS50-+00007-+00008,lower_48,payroll_effective_date,remains_unclear,1,525000.0,995929.214,32.106057,-90.292595
CONUS50-+00007-+00017,lower_48,payroll_effective_date,police,2,525000.0,1775352.078,38.90166,-90.044841
CONUS50-+00007-+00017,lower_48,payroll_effective_date,remains_unclear,2,525000.0,1775352.078,38.613802,-89.523713
CONUS50-+00007-+00017,lower_48,payroll_effective_date,side_independent,1,525000.0,1775352.078,38.710978,-90.297433
CONUS50-+00007-+00018,lower_48,payroll_effective_date,police,3,525000.0,1861954.618,39.304248,-89.869352
CONUS50-+00007-+00018,lower_48,payroll_effective_date,remains_unclear,1,525000.0,1861954.618,39.69936,-90.224034
CONUS50-+00007-+00018,lower_48,payroll_effective_date,side_independent,1,525000.0,1861954.618,39.767753,-89.678373
CONUS50-+00007-+00019,lower_48,payroll_effective_date,non_safety,1,525000.0,1948557.159,40.777647,-90.013897
CONUS50-+00007-+00019,lower_48,payroll_effective_date,police,2,525000.0,1948557.159,40.665706,-90.049849
CONUS50-+00007-+00019,lower_48,payroll_effective_date,remains_unclear,1,525000.0,1948557.159,40.746696,-89.570031
CONUS50-+00007-+00020,lower_48,payroll_effective_date,fire,4,525000.0,2035159.699,41.239087,-89.92566
CONUS50-+00007-+00020,lower_48,payroll_effective_date,remains_unclear,1,525000.0,2035159.699,40.937815,-89.804036
CONUS50-+00007-+00021,lower_48,payroll_effective_date,fire,3,525000.0,2121762.239,41.772066,-89.694213
CONUS50-+00007-+00021,lower_48,payroll_effective_date,mixed,1,525000.0,2121762.239,41.814257,-89.688484
CONUS50-+00007-+00021,lower_48,payroll_effective_date,police,2,525000.0,2121762.239,41.814257,-89.688484
CONUS50-+00007-+00021,lower_48,payroll_effective_date,remains_unclear,3,525000.0,2121762.239,42.289011,-89.634265
CONUS50-+00007-+00022,lower_48,payroll_effective_date,fire,1,525000.0,2208364.78,42.901096,-89.779251
CONUS50-+00007-+00022,lower_48,payroll_effective_date,non_safety,1,525000.0,2208364.78,42.726794,-89.778894
CONUS50-+00007-+00022,lower_48,payroll_effective_date,police,1,525000.0,2208364.78,42.901096,-89.779251
CONUS50-+00007-+00022,lower_48,payroll_effective_date,remains_unclear,2,525000.0,2208364.78,42.726794,-89.778894
CONUS50-+00007-+00023,lower_48,payroll_effective_date,non_safety,1,525000.0,2294967.32,43.468072,-89.738387
CONUS50-+00007-+00023,lower_48,payroll_effective_date,police,3,525000.0,2294967.32,43.468072,-89.738387
CONUS50-+00007-+00023,lower_48,payroll_effective_date,remains_unclear,1,525000.0,2294967.32,43.457966,-89.853833
CONUS50-+00007-+00023,lower_48,payroll_effective_date,side_independent,2,525000.0,2294967.32,43.138104,-89.80574
CONUS50-+00007-+00024,lower_48,payroll_effective_date,police,3,525000.0,2381569.86,44.552173,-89.171537
CONUS50-+00007-+00024,lower_48,payroll_effective_date,remains_unclear,1,525000.0,2381569.86,44.053283,-89.115869
CONUS50-+00007-+00024,lower_48,payroll_effective_date,side_independent,1,525000.0,2381569.86,44.633644,-89.276679
CONUS50-+00007-+00025,lower_48,payroll_effective_date,side_independent,1,525000.0,2468172.401,44.89122,-89.549651
CONUS50-+00008-+00004,lower_48,payroll_effective_date,remains_unclear,1,600000.0,692820.323,29.212857,-90.029115
CONUS50-+00008-+00013,lower_48,payroll_effective_date,police,1,600000.0,1472243.186,35.814475,-89.223868
CONUS50-+00008-+00014,lower_48,payroll_effective_date,police,1,600000.0,1558845.727,36.906857,-89.535886
CONUS50-+00008-+00015,lower_48,payroll_effective_date,fire,1,600000.0,1645448.267,38.013187,-88.917281
CONUS50-+00008-+00016,lower_48,payroll_effective_date,police,1,600000.0,1732050.808,38.338846,-88.862313
CONUS50-+00008-+00016,lower_48,payroll_effective_date,remains_unclear,1,600000.0,1732050.808,38.090336,-89.050813
CONUS50-+00008-+00016,lower_48,payroll_effective_date,side_independent,1,600000.0,1732050.808,38.090336,-89.050813
CONUS50-+00008-+00017,lower_48,payroll_effective_date,remains_unclear,1,600000.0,1818653.348,39.311175,-88.861663
CONUS50-+00008-+00017,lower_48,payroll_effective_date,side_independent,1,600000.0,1818653.348,39.311175,-88.861663
CONUS50-+00008-+00018,lower_48,payroll_effective_date,remains_unclear,1,600000.0,1905255.888,39.926051,-88.964082
CONUS50-+00008-+00018,lower_48,payroll_effective_date,side_independent,1,600000.0,1905255.888,40.248118,-88.641811
CONUS50-+00008-+00019,lower_48,payroll_effective_date,remains_unclear,1,600000.0,1991858.429,40.583555,-89.128824
CONUS50-+00008-+00019,lower_48,payroll_effective_date,side_independent,1,600000.0,1991858.429,40.645875,-89.224831
CONUS50-+00008-+00020,lower_48,payroll_effective_date,police,1,600000.0,2078460.969,41.29321,-89.071036
CONUS50-+00008-+00020,lower_48,payroll_effective_date,remains_unclear,1,600000.0,2078460.969,41.768621,-88.448896
CONUS50-+00008-+00021,lower_48,payroll_effective_date,fire,2,600000.0,2165063.509,42.265448,-88.887758
CONUS50-+00008-+00021,lower_48,payroll_effective_date,non_safety,1,600000.0,2165063.509,41.955732,-88.528977
CONUS50-+00008-+00021,lower_48,payroll_effective_date,police,12,600000.0,2165063.509,42.138642,-88.202959
CONUS50-+00008-+00021,lower_48,payroll_effective_date,remains_unclear,1,600000.0,2165063.509,42.206101,-88.890611
CONUS50-+00008-+00021,lower_48,payroll_effective_date,side_independent,2,600000.0,2165063.509,42.244208,-88.195134
CONUS50-+00008-+00022,lower_48,payroll_effective_date,police,6,600000.0,2251666.05,42.785184,-88.395573
CONUS50-+00008-+00022,lower_48,payroll_effective_date,remains_unclear,2,600000.0,2251666.05,43.15135,-88.931359
CONUS50-+00008-+00023,lower_48,payroll_effective_date,fire,1,600000.0,2338268.59,43.765544,-87.985236
CONUS50-+00008-+00023,lower_48,payroll_effective_date,non_safety,1,600000.0,2338268.59,43.823838,-88.241105
CONUS50-+00008-+00023,lower_48,payroll_effective_date,police,1,600000.0,2338268.59,43.512975,-88.219183
CONUS50-+00008-+00023,lower_48,payroll_effective_date,remains_unclear,4,600000.0,2338268.59,44.141492,-88.161084
CONUS50-+00008-+00023,lower_48,payroll_effective_date,side_independent,1,600000.0,2338268.59,43.631547,-88.737534
CONUS50-+00008-+00024,lower_48,payroll_effective_date,police,2,600000.0,2424871.131,44.349156,-88.226627
CONUS50-+00008-+00024,lower_48,payroll_effective_date,remains_unclear,3,600000.0,2424871.131,44.737994,-88.45135
CONUS50-+00008-+00027,lower_48,payroll_effective_date,police,1,600000.0,2684678.752,47.157226,-88.528691
CONUS50-+00008-+00027,lower_48,payroll_effective_date,side_independent,1,600000.0,2684678.752,47.100361,-88.355102
CONUS50-+00009-+00015,lower_48,payroll_effective_date,police,2,675000.0,1688749.537,37.731502,-88.541134
CONUS50-+00009-+00015,lower_48,payroll_effective_date,remains_unclear,1,675000.0,1688749.537,37.731502,-88.541134
CONUS50-+00009-+00016,lower_48,payroll_effective_date,side_independent,2,675000.0,1775352.078,38.698126,-88.218784
CONUS50-+00009-+00017,lower_48,payroll_effective_date,police,5,675000.0,1861954.618,39.304025,-87.958928
CONUS50-+00009-+00017,lower_48,payroll_effective_date,remains_unclear,3,675000.0,1861954.618,39.827233,-88.166164
CONUS50-+00009-+00018,lower_48,payroll_effective_date,police,5,675000.0,1948557.159,40.460824,-87.663572
CONUS50-+00009-+00018,lower_48,payroll_effective_date,remains_unclear,1,675000.0,1948557.159,40.466831,-88.379205
CONUS50-+00009-+00018,lower_48,payroll_effective_date,side_independent,2,675000.0,1948557.159,40.340552,-88.525638
CONUS50-+00009-+00020,lower_48,payroll_effective_date,fire,2,675000.0,2121762.239,41.882105,-88.329463
CONUS50-+00009-+00020,lower_48,payroll_effective_date,police,15,675000.0,2121762.239,41.858367,-87.856192
CONUS50-+00009-+00020,lower_48,payroll_effective_date,remains_unclear,3,675000.0,2121762.239,41.539107,-87.685704
CONUS50-+00009-+00020,lower_48,payroll_effective_date,side_independent,10,675000.0,2121762.239,41.930782,-88.008987
CONUS50-+00009-+00021,lower_48,payroll_effective_date,police,2,675000.0,2208364.78,42.479696,-87.827722
CONUS50-+00009-+00021,lower_48,payroll_effective_date,remains_unclear,2,675000.0,2208364.78,43.012437,-87.970984
CONUS50-+00009-+00022,lower_48,payroll_effective_date,police,2,675000.0,2294967.32,43.126142,-87.927195
CONUS50-+00009-+00022,lower_48,payroll_effective_date,remains_unclear,1,675000.0,2294967.32,43.299923,-87.988438
CONUS50-+00009-+00022,lower_48,payroll_effective_date,side_independent,1,675000.0,2294967.32,43.388946,-87.943896
CONUS50-+00009-+00023,lower_48,payroll_effective_date,non_safety,1,675000.0,2381569.86,44.463574,-87.521699
CONUS50-+00009-+00023,lower_48,payroll_effective_date,remains_unclear,2,675000.0,2381569.86,44.068148,-87.885813
CONUS50-+00009-+00023,lower_48,payroll_effective_date,side_independent,2,675000.0,2381569.86,44.024647,-87.975924
CONUS50-+00009-+00024,lower_48,payroll_effective_date,remains_unclear,2,675000.0,2468172.401,45.187097,-87.129354
CONUS50-+00009-+00025,lower_48,payroll_effective_date,remains_unclear,1,675000.0,2554774.941,45.72162,-87.935805
CONUS50-+00009-+00026,lower_48,payroll_effective_date,police,1,675000.0,2641377.482,46.550473,-87.545345
CONUS50-+00009-+00026,lower_48,payroll_effective_date,remains_unclear,3,675000.0,2641377.482,46.338093,-86.773924
CONUS50-+00010-+00015,lower_48,payroll_effective_date,fire,1,750000.0,1732050.808,38.227952,-86.862459
CONUS50-+00010-+00015,lower_48,payroll_effective_date,police,3,750000.0,1732050.808,38.110003,-87.033965
CONUS50-+00010-+00015,lower_48,payroll_effective_date,remains_unclear,1,750000.0,1732050.808,38.184861,-86.970411
CONUS50-+00010-+00015,lower_48,payroll_effective_date,side_independent,1,750000.0,1732050.808,38.255502,-87.259526
CONUS50-+00010-+00016,lower_48,payroll_effective_date,non_safety,1,750000.0,1818653.348,39.36467,-86.888053
CONUS50-+00010-+00017,lower_48,payroll_effective_date,remains_unclear,1,750000.0,1905255.888,40.194213,-86.977903
CONUS50-+00010-+00017,lower_48,payroll_effective_date,side_independent,3,750000.0,1905255.888,39.911262,-87.631556
CONUS50-+00010-+00018,lower_48,payroll_effective_date,police,2,750000.0,1991858.429,40.68686,-87.274943
CONUS50-+00010-+00018,lower_48,payroll_effective_date,remains_unclear,1,750000.0,1991858.429,40.344818,-86.963689
CONUS50-+00010-+00019,lower_48,payroll_effective_date,fire,3,750000.0,2078460.969,41.556449,-86.978905
CONUS50-+00010-+00019,lower_48,payroll_effective_date,police,1,750000.0,2078460.969,41.627544,-87.082744
CONUS50-+00010-+00019,lower_48,payroll_effective_date,remains_unclear,2,750000.0,2078460.969,41.558729,-87.271706
CONUS50-+00010-+00020,lower_48,payroll_effective_date,remains_unclear,2,750000.0,2165063.509,42.01397,-86.525407
CONUS50-+00010-+00022,lower_48,payroll_effective_date,fire,1,750000.0,2338268.59,43.930547,-86.419062
CONUS50-+00010-+00022,lower_48,payroll_effective_date,non_safety,3,750000.0,2338268.59,43.930547,-86.419062
CONUS50-+00010-+00022,lower_48,payroll_effective_date,police,2,750000.0,2338268.59,43.696618,-86.367269
CONUS50-+00010-+00022,lower_48,payroll_effective_date,remains_unclear,1,750000.0,2338268.59,43.612058,-86.364492
CONUS50-+00010-+00022,lower_48,payroll_effective_date,side_independent,1,750000.0,2338268.59,43.930547,-86.419062
CONUS50-+00010-+00023,lower_48,payroll_effective_date,police,1,750000.0,2424871.131,44.636844,-86.231999
CONUS50-+00010-+00023,lower_48,payroll_effective_date,side_independent,2,750000.0,2424871.131,44.19827,-86.31516
CONUS50-+00011-+00005,lower_48,payroll_effective_date,remains_unclear,1,825000.0,909326.674,30.977307,-87.264724
CONUS50-+00011-+00007,lower_48,payroll_effective_date,remains_unclear,1,825000.0,1082531.755,32.486872,-87.032773
CONUS50-+00011-+00009,lower_48,payroll_effective_date,remains_unclear,1,825000.0,1255736.835,33.633756,-86.941398
CONUS50-+00011-+00014,lower_48,payroll_effective_date,remains_unclear,1,825000.0,1688749.537,37.936029,-86.983432
CONUS50-+00011-+00014,lower_48,payroll_effective_date,side_independent,1,825000.0,1688749.537,38.001969,-86.798992
CONUS50-+00011-+00017,lower_48,payroll_effective_date,remains_unclear,3,825000.0,1948557.159,40.4775,-85.962546
CONUS50-+00011-+00018,lower_48,payroll_effective_date,non_safety,1,825000.0,2035159.699,41.138061,-86.12524
CONUS50-+00011-+00018,lower_48,payroll_effective_date,remains_unclear,1,825000.0,2035159.699,41.074317,-85.89287
CONUS50-+00011-+00019,lower_48,payroll_effective_date,police,2,825000.0,2121762.239,41.461938,-85.595922
CONUS50-+00011-+00019,lower_48,payroll_effective_date,remains_unclear,1,825000.0,2121762.239,41.828291,-86.365974
CONUS50-+00011-+00020,lower_48,payroll_effective_date,non_safety,2,825000.0,2208364.78,42.557754,-85.833845
CONUS50-+00011-+00020,lower_48,payroll_effective_date,police,4,825000.0,2208364.78,42.557754,-85.833845
CONUS50-+00011-+00020,lower_48,payroll_effective_date,remains_unclear,2,825000.0,2208364.78,42.31243,-86.113441
CONUS50-+00011-+00020,lower_48,payroll_effective_date,side_independent,2,825000.0,2208364.78,42.291284,-86.044616
CONUS50-+00011-+00021,lower_48,payroll_effective_date,fire,2,825000.0,2294967.32,42.997869,-86.188917
CONUS50-+00011-+00021,lower_48,payroll_effective_date,remains_unclear,4,825000.0,2294967.32,43.256774,-86.082523
CONUS50-+00011-+00022,lower_48,payroll_effective_date,fire,1,825000.0,2381569.86,43.679795,-85.502554
CONUS50-+00011-+00022,lower_48,payroll_effective_date,police,2,825000.0,2381569.86,43.872754,-85.507006
CONUS50-+00011-+00022,lower_48,payroll_effective_date,side_independent,1,825000.0,2381569.86,44.04035,-86.213362
CONUS50-+00011-+00023,lower_48,payroll_effective_date,fire,2,825000.0,2468172.401,44.466912,-85.276472
CONUS50-+00011-+00023,lower_48,payroll_effective_date,remains_unclear,1,825000.0,2468172.401,44.812606,-86.059268
CONUS50-+00011-+00024,lower_48,payroll_effective_date,fire,2,825000.0,2554774.941,45.299358,-85.048367
CONUS50-+00011-+00024,lower_48,payroll_effective_date,police,1,825000.0,2554774.941,45.299358,-85.048367
CONUS50-+00011-+00025,lower_48,payroll_effective_date,side_independent,1,825000.0,2641377.482,46.304625,-84.67274
CONUS50-+00012-+00011,lower_48,payroll_effective_date,remains_unclear,3,900000.0,1472243.186,36.256557,-85.942885
CONUS50-+00012-+00012,lower_48,payroll_effective_date,police,2,900000.0,1558845.727,36.530175,-85.848174
CONUS50-+00012-+00014,lower_48,payroll_effective_date,police,1,900000.0,1732050.808,38.212878,-86.125603
CONUS50-+00012-+00014,lower_48,payroll_effective_date,remains_unclear,2,900000.0,1732050.808,38.045029,-85.69063
CONUS50-+00012-+00015,lower_48,payroll_effective_date,remains_unclear,1,900000.0,1818653.348,38.59423,-85.317437
CONUS50-+00012-+00016,lower_48,payroll_effective_date,fire,2,900000.0,1905255.888,39.910652,-85.745385
CONUS50-+00012-+00016,lower_48,payroll_effective_date,remains_unclear,2,900000.0,1905255.888,39.914581,-85.15425
CONUS50-+00012-+00016,lower_48,payroll_effective_date,side_independent,1,900000.0,1905255.888,39.600514,-85.738805
CONUS50-+00012-+00017,lower_48,payroll_effective_date,police,3,900000.0,1991858.429,40.436182,-85.169057
CONUS50-+00012-+00018,lower_48,payroll_effective_date,police,1,900000.0,2078460.969,41.390919,-84.740122
CONUS50-+00012-+00018,lower_48,payroll_effective_date,safety_combined,1,900000.0,2078460.969,41.396592,-85.418694
CONUS50-+00012-+00019,lower_48,payroll_effective_date,fire,1,900000.0,2165063.509,42.381229,-85.113361
CONUS50-+00012-+00019,lower_48,payroll_effective_date,non_safety,1,900000.0,2165063.509,41.78167,-84.997649
CONUS50-+00012-+00019,lower_48,payroll_effective_date,police,1,900000.0,2165063.509,41.798252,-85.418795
CONUS50-+00012-+00020,lower_48,payroll_effective_date,fire,5,900000.0,2251666.05,42.728031,-84.661377
CONUS50-+00012-+00020,lower_48,payroll_effective_date,police,4,900000.0,2251666.05,42.815321,-84.539992
CONUS50-+00012-+00020,lower_48,payroll_effective_date,remains_unclear,1,900000.0,2251666.05,42.725291,-84.419722
CONUS50-+00012-+00020,lower_48,payroll_effective_date,side_independent,1,900000.0,2251666.05,42.632866,-84.4256
CONUS50-+00012-+00021,lower_48,payroll_effective_date,fire,3,900000.0,2338268.59,43.158267,-84.53911
CONUS50-+00012-+00021,lower_48,payroll_effective_date,police,1,900000.0,2338268.59,43.773055,-84.543545
CONUS50-+00012-+00021,lower_48,payroll_effective_date,remains_unclear,4,900000.0,2338268.59,43.291094,-84.595673
CONUS50-+00012-+00021,lower_48,payroll_effective_date,side_independent,1,900000.0,2338268.59,43.158267,-84.53911
CONUS50-+00012-+00022,lower_48,payroll_effective_date,remains_unclear,1,900000.0,2424871.131,44.379091,-84.672927
CONUS50-+00012-+00023,lower_48,payroll_effective_date,police,4,900000.0,2511473.671,45.152234,-85.130389
CONUS50-+00012-+00023,lower_48,payroll_effective_date,remains_unclear,4,900000.0,2511473.671,45.213163,-85.012439
CONUS50-+00012-+00024,lower_48,payroll_effective_date,fire,2,900000.0,2598076.211,45.52053,-84.651398
CONUS50-+00012-+00024,lower_48,payroll_effective_date,police,1,900000.0,2598076.211,45.860184,-84.625834
CONUS50-+00012-+00024,lower_48,payroll_effective_date,side_independent,2,900000.0,2598076.211,45.52053,-84.651398
CONUS50-+00012-+00025,lower_48,payroll_effective_date,non_safety,1,900000.0,2684678.752,46.276096,-84.176734
CONUS50-+00013-+00004,lower_48,payroll_effective_date,remains_unclear,1,975000.0,909326.674,30.781349,-85.688758
CONUS50-+00013-+00005,lower_48,payroll_effective_date,remains_unclear,1,975000.0,995929.214,31.717639,-85.81755
CONUS50-+00013-+00006,lower_48,payroll_effective_date,remains_unclear,1,975000.0,1082531.755,32.607946,-85.598479
CONUS50-+00013-+00007,lower_48,payroll_effective_date,remains_unclear,1,975000.0,1169134.295,33.269892,-85.833706
CONUS50-+00013-+00010,lower_48,payroll_effective_date,remains_unclear,1,975000.0,1428941.916,35.202719,-85.141238
CONUS50-+00013-+00014,lower_48,payroll_effective_date,remains_unclear,2,975000.0,1775352.078,38.35151,-85.111163
CONUS50-+00013-+00015,lower_48,payroll_effective_date,fire,6,975000.0,1861954.618,39.317319,-84.19657
CONUS50-+00013-+00015,lower_48,payroll_effective_date,police,9,975000.0,1861954.618,39.102065,-84.634418
CONUS50-+00013-+00015,lower_48,payroll_effective_date,remains_unclear,18,975000.0,1861954.618,39.031927,-84.370706
CONUS50-+00013-+00015,lower_48,payroll_effective_date,side_independent,1,975000.0,1861954.618,39.360722,-84.295867
CONUS50-+00013-+00016,lower_48,payroll_effective_date,fire,7,975000.0,1948557.159,39.873578,-84.642443
CONUS50-+00013-+00016,lower_48,payroll_effective_date,non_safety,1,975000.0,1948557.159,39.811042,-84.016694
CONUS50-+00013-+00016,lower_48,payroll_effective_date,police,5,975000.0,1948557.159,39.811042,-84.016694
CONUS50-+00013-+00016,lower_48,payroll_effective_date,remains_unclear,4,975000.0,1948557.159,39.811042,-84.016694
CONUS50-+00013-+00016,lower_48,payroll_effective_date,side_independent,3,975000.0,1948557.159,39.873578,-84.642443
CONUS50-+00013-+00017,lower_48,payroll_effective_date,fire,6,975000.0,2035159.699,40.48269,-84.631441
CONUS50-+00013-+00017,lower_48,payroll_effective_date,police,9,975000.0,2035159.699,40.684088,-84.624183
CONUS50-+00013-+00017,lower_48,payroll_effective_date,remains_unclear,4,975000.0,2035159.699,40.48269,-84.631441
CONUS50-+00013-+00017,lower_48,payroll_effective_date,side_independent,2,975000.0,2035159.699,40.684088,-84.624183
CONUS50-+00013-+00018,lower_48,payroll_effective_date,fire,1,975000.0,2121762.239,41.584874,-83.885249
CONUS50-+00013-+00018,lower_48,payroll_effective_date,police,3,975000.0,2121762.239,41.619253,-83.708216
CONUS50-+00013-+00018,lower_48,payroll_effective_date,remains_unclear,2,975000.0,2121762.239,41.380618,-84.176403
CONUS50-+00013-+00018,lower_48,payroll_effective_date,side_independent,1,975000.0,2121762.239,41.830273,-83.861739
CONUS50-+00013-+00019,lower_48,payroll_effective_date,fire,5,975000.0,2208364.78,42.27341,-84.301524
CONUS50-+00013-+00019,lower_48,payroll_effective_date,non_safety,1,975000.0,2208364.78,42.377215,-84.540195
CONUS50-+00013-+00019,lower_48,payroll_effective_date,police,8,975000.0,2208364.78,42.559684,-84.30901
CONUS50-+00013-+00019,lower_48,payroll_effective_date,remains_unclear,5,975000.0,2208364.78,42.529705,-83.784545
CONUS50-+00013-+00019,lower_48,payroll_effective_date,side_independent,5,975000.0,2208364.78,42.559684,-84.30901
CONUS50-+00013-+00020,lower_48,payroll_effective_date,fire,5,975000.0,2294967.32,43.459313,-83.939096
CONUS50-+00013-+00020,lower_48,payroll_effective_date,police,5,975000.0,2294967.32,43.004631,-83.869744
CONUS50-+00013-+00020,lower_48,payroll_effective_date,remains_unclear,8,975000.0,2294967.32,42.919902,-83.517024
CONUS50-+00013-+00020,lower_48,payroll_effective_date,side_independent,2,975000.0,2294967.32,43.045127,-83.326746
CONUS50-+00013-+00022,lower_48,payroll_effective_date,side_independent,2,975000.0,2468172.401,44.464134,-83.539063
CONUS50-+00013-+00023,lower_48,payroll_effective_date,remains_unclear,1,975000.0,2554774.941,45.417699,-83.804751
CONUS50-+00014-+00007,lower_48,payroll_effective_date,non_safety,1,1050000.0,1212435.565,33.476059,-84.594522
CONUS50-+00014-+00014,lower_48,payroll_effective_date,fire,3,1050000.0,1818653.348,38.980999,-83.337154
CONUS50-+00014-+00014,lower_48,payroll_effective_date,non_safety,2,1050000.0,1818653.348,38.980999,-83.337154
CONUS50-+00014-+00014,lower_48,payroll_effective_date,police,5,1050000.0,1818653.348,38.530874,-84.033867
CONUS50-+00014-+00014,lower_48,payroll_effective_date,remains_unclear,5,1050000.0,1818653.348,38.980999,-83.337154
CONUS50-+00014-+00014,lower_48,payroll_effective_date,side_independent,4,1050000.0,1818653.348,38.980999,-83.337154
CONUS50-+00014-+00015,lower_48,payroll_effective_date,police,1,1050000.0,1905255.888,39.799255,-83.871516
CONUS50-+00014-+00015,lower_48,payroll_effective_date,remains_unclear,2,1050000.0,1905255.888,39.870348,-83.925565
CONUS50-+00014-+00016,lower_48,payroll_effective_date,fire,6,1050000.0,1991858.429,40.286476,-83.074864
CONUS50-+00014-+00016,lower_48,payroll_effective_date,police,4,1050000.0,1991858.429,40.286476,-83.074864
CONUS50-+00014-+00016,lower_48,payroll_effective_date,remains_unclear,2,1050000.0,1991858.429,40.286476,-83.074864
CONUS50-+00014-+00016,lower_48,payroll_effective_date,side_independent,8,1050000.0,1991858.429,40.286476,-83.074864
CONUS50-+00014-+00017,lower_48,payroll_effective_date,fire,18,1050000.0,2078460.969,41.030493,-83.006089
CONUS50-+00014-+00017,lower_48,payroll_effective_date,non_safety,3,1050000.0,2078460.969,41.21291,-83.359908
CONUS50-+00014-+00017,lower_48,payroll_effective_date,police,6,1050000.0,2078460.969,41.21291,-83.359908
CONUS50-+00014-+00017,lower_48,payroll_effective_date,remains_unclear,1,1050000.0,2078460.969,41.379321,-83.71598
CONUS50-+00014-+00017,lower_48,payroll_effective_date,side_independent,6,1050000.0,2078460.969,41.02912,-83.58485
CONUS50-+00014-+00018,lower_48,payroll_effective_date,fire,12,1050000.0,2165063.509,42.131048,-83.5924
CONUS50-+00014-+00018,lower_48,payroll_effective_date,non_safety,2,1050000.0,2165063.509,41.803255,-83.442482
CONUS50-+00014-+00018,lower_48,payroll_effective_date,police,8,1050000.0,2165063.509,42.201917,-83.482812
CONUS50-+00014-+00018,lower_48,payroll_effective_date,remains_unclear,3,1050000.0,2165063.509,41.899695,-83.71403
CONUS50-+00014-+00018,lower_48,payroll_effective_date,side_independent,7,1050000.0,2165063.509,41.48348,-83.016313
CONUS50-+00014-+00019,lower_48,payroll_effective_date,fire,5,1050000.0,2251666.05,42.577893,-83.274466
CONUS50-+00014-+00019,lower_48,payroll_effective_date,non_safety,1,1050000.0,2251666.05,42.577893,-83.274466
CONUS50-+00014-+00019,lower_48,payroll_effective_date,police,7,1050000.0,2251666.05,42.577893,-83.274466
CONUS50-+00014-+00019,lower_48,payroll_effective_date,remains_unclear,10,1050000.0,2251666.05,42.620867,-82.533915
CONUS50-+00014-+00020,lower_48,payroll_effective_date,police,1,1050000.0,2338268.59,43.023396,-82.802404
CONUS50-+00014-+00020,lower_48,payroll_effective_date,side_independent,1,1050000.0,2338268.59,43.282466,-82.827711
CONUS50-+00014-+00021,lower_48,payroll_effective_date,remains_unclear,1,1050000.0,2424871.131,43.844838,-82.654639
CONUS50-+00015-+00005,lower_48,payroll_effective_date,police,1,1125000.0,1082531.755,32.196212,-83.759519
CONUS50-+00015-+00007,lower_48,payroll_effective_date,remains_unclear,3,1125000.0,1255736.835,33.628385,-83.872326
CONUS50-+00015-+00007,lower_48,payroll_effective_date,side_independent,2,1125000.0,1255736.835,33.568403,-83.361235
CONUS50-+00015-+00009,lower_48,payroll_effective_date,remains_unclear,1,1125000.0,1428941.916,35.179422,-83.380691
CONUS50-+00015-+00010,lower_48,payroll_effective_date,remains_unclear,1,1125000.0,1515544.457,36.030124,-83.429831
CONUS50-+00015-+00013,lower_48,payroll_effective_date,police,3,1125000.0,1775352.078,38.498682,-82.69032
CONUS50-+00015-+00014,lower_48,payroll_effective_date,fire,1,1125000.0,1861954.618,38.985808,-82.735288
CONUS50-+00015-+00014,lower_48,payroll_effective_date,police,2,1125000.0,1861954.618,39.226404,-83.269727
CONUS50-+00015-+00014,lower_48,payroll_effective_date,remains_unclear,3,1125000.0,1861954.618,39.226404,-83.269727
CONUS50-+00015-+00015,lower_48,payroll_effective_date,fire,2,1125000.0,1948557.159,39.74616,-82.975542
CONUS50-+00015-+00015,lower_48,payroll_effective_date,non_safety,3,1125000.0,1948557.159,39.941096,-82.591905
CONUS50-+00015-+00015,lower_48,payroll_effective_date,police,7,1125000.0,1948557.159,40.096611,-82.904031
CONUS50-+00015-+00015,lower_48,payroll_effective_date,remains_unclear,7,1125000.0,1948557.159,39.636262,-82.923449
CONUS50-+00015-+00015,lower_48,payroll_effective_date,side_independent,4,1125000.0,1948557.159,39.74616,-82.975542
CONUS50-+00015-+00016,lower_48,payroll_effective_date,fire,5,1125000.0,2035159.699,40.588552,-82.5174
CONUS50-+00015-+00016,lower_48,payroll_effective_date,non_safety,1,1125000.0,2035159.699,40.767639,-82.627431
CONUS50-+00015-+00016,lower_48,payroll_effective_date,police,11,1125000.0,2035159.699,40.704075,-82.057667
CONUS50-+00015-+00016,lower_48,payroll_effective_date,remains_unclear,4,1125000.0,2035159.699,40.771407,-82.410251
CONUS50-+00015-+00016,lower_48,payroll_effective_date,side_independent,4,1125000.0,2035159.699,40.767352,-83.023225
CONUS50-+00015-+00017,lower_48,payroll_effective_date,fire,8,1125000.0,2121762.239,41.372778,-82.108009
CONUS50-+00015-+00017,lower_48,payroll_effective_date,non_safety,2,1125000.0,2121762.239,41.569226,-82.848433
CONUS50-+00015-+00017,lower_48,payroll_effective_date,police,7,1125000.0,2121762.239,41.372778,-82.108009
CONUS50-+00015-+00017,lower_48,payroll_effective_date,remains_unclear,4,1125000.0,2121762.239,41.405329,-82.231725
CONUS50-+00015-+00017,lower_48,payroll_effective_date,side_independent,12,1125000.0,2121762.239,41.108739,-82.574938
CONUS50-+00015-+00019,lower_48,payroll_effective_date,fire,3,1125000.0,2294967.32,42.97768,-82.479329
CONUS50-+00015-+00019,lower_48,payroll_effective_date,non_safety,2,1125000.0,2294967.32,42.97768,-82.479329
CONUS50-+00015-+00019,lower_48,payroll_effective_date,remains_unclear,1,1125000.0,2294967.32,43.046435,-82.485238
CONUS50-+00016-+00002,lower_48,payroll_effective_date,remains_unclear,1,1200000.0,866025.404,30.466762,-83.635254
CONUS50-+00016-+00006,lower_48,payroll_effective_date,police,1,1200000.0,1212435.565,32.981794,-82.80513
CONUS50-+00016-+00007,lower_48,payroll_effective_date,remains_unclear,1,1200000.0,1299038.106,33.914955,-83.218427
CONUS50-+00016-+00009,lower_48,payroll_effective_date,remains_unclear,5,1200000.0,1472243.186,35.311489,-82.503567
CONUS50-+00016-+00010,lower_48,payroll_effective_date,remains_unclear,1,1200000.0,1558845.727,36.459484,-82.277888
CONUS50-+00016-+00014,lower_48,payroll_effective_date,fire,1,1200000.0,1905255.888,39.405618,-81.535633
CONUS50-+00016-+00014,lower_48,payroll_effective_date,non_safety,4,1200000.0,1905255.888,39.481272,-81.482001
CONUS50-+00016-+00014,lower_48,payroll_effective_date,police,5,1200000.0,1905255.888,38.993414,-81.815318
CONUS50-+00016-+00014,lower_48,payroll_effective_date,side_independent,3,1200000.0,1905255.888,38.993414,-81.815318
CONUS50-+00016-+00015,lower_48,payroll_effective_date,police,5,1200000.0,1991858.429,40.269082,-82.046831
CONUS50-+00016-+00015,lower_48,payroll_effective_date,side_independent,3,1200000.0,1991858.429,40.269082,-82.046831
CONUS50-+00016-+00016,lower_48,payroll_effective_date,fire,6,1200000.0,2078460.969,41.094856,-81.342265
CONUS50-+00016-+00016,lower_48,payroll_effective_date,police,15,1200000.0,2078460.969,40.711517,-81.607777
CONUS50-+00016-+00016,lower_48,payroll_effective_date,remains_unclear,8,1200000.0,2078460.969,41.094856,-81.342265
CONUS50-+00016-+00016,lower_48,payroll_effective_date,safety_combined,1,1200000.0,2078460.969,40.653062,-81.292758
CONUS50-+00016-+00016,lower_48,payroll_effective_date,side_independent,1,1200000.0,2078460.969,41.040927,-81.75973
CONUS50-+00016-+00017,lower_48,payroll_effective_date,fire,2,1200000.0,2165063.509,41.535863,-81.340912
CONUS50-+00016-+00017,lower_48,payroll_effective_date,non_safety,1,1200000.0,2165063.509,41.579289,-81.20906
CONUS50-+00016-+00017,lower_48,payroll_effective_date,police,8,1200000.0,2165063.509,41.579289,-81.20906
CONUS50-+00016-+00017,lower_48,payroll_effective_date,remains_unclear,4,1200000.0,2165063.509,41.579289,-81.20906
CONUS50-+00016-+00017,lower_48,payroll_effective_date,side_independent,3,1200000.0,2165063.509,41.430952,-81.388975
CONUS50-+00017-+00000,lower_48,payroll_effective_date,remains_unclear,1,1275000.0,736121.593,29.033046,-82.661004
CONUS50-+00017-+00008,lower_48,payroll_effective_date,police,1,1275000.0,1428941.916,35.208808,-82.2379
CONUS50-+00017-+00008,lower_48,payroll_effective_date,remains_unclear,2,1275000.0,1428941.916,35.364075,-81.961343
CONUS50-+00017-+00009,lower_48,payroll_effective_date,remains_unclear,2,1275000.0,1515544.457,36.129182,-81.666326
CONUS50-+00017-+00014,lower_48,payroll_effective_date,remains_unclear,3,1275000.0,1948557.159,39.901656,-81.276691
CONUS50-+00017-+00014,lower_48,payroll_effective_date,side_independent,1,1275000.0,1948557.159,39.477813,-81.194179
CONUS50-+00017-+00015,lower_48,payroll_effective_date,fire,4,1275000.0,2035159.699,40.299457,-80.930602
CONUS50-+00017-+00015,lower_48,payroll_effective_date,mixed,1,1275000.0,2035159.699,40.702589,-80.380924
CONUS50-+00017-+00015,lower_48,payroll_effective_date,non_safety,1,1275000.0,2035159.699,40.478253,-80.281066
CONUS50-+00017-+00015,lower_48,payroll_effective_date,police,5,1275000.0,2035159.699,40.203258,-81.014487
CONUS50-+00017-+00015,lower_48,payroll_effective_date,remains_unclear,4,1275000.0,2035159.699,40.700398,-80.568573
CONUS50-+00017-+00015,lower_48,payroll_effective_date,side_independent,8,1275000.0,2035159.699,40.203258,-81.014487
CONUS50-+00017-+00016,lower_48,payroll_effective_date,fire,8,1275000.0,2121762.239,41.23646,-80.561784
CONUS50-+00017-+00016,lower_48,payroll_effective_date,non_safety,1,1275000.0,2121762.239,41.028914,-80.95059
CONUS50-+00017-+00016,lower_48,payroll_effective_date,police,19,1275000.0,2121762.239,41.306374,-80.7704
CONUS50-+00017-+00016,lower_48,payroll_effective_date,remains_unclear,13,1275000.0,2121762.239,41.306374,-80.7704
CONUS50-+00017-+00016,lower_48,payroll_effective_date,side_independent,3,1275000.0,2121762.239,41.028914,-80.95059
CONUS50-+00017-+00017,lower_48,payroll_effective_date,fire,3,1275000.0,2208364.78,41.879462,-80.798482
CONUS50-+00017-+00017,lower_48,payroll_effective_date,non_safety,2,1275000.0,2208364.78,41.801023,-80.212801
CONUS50-+00017-+00017,lower_48,payroll_effective_date,police,1,1275000.0,2208364.78,42.150606,-80.022999
CONUS50-+00018-+00000,lower_48,payroll_effective_date,remains_unclear,1,1350000.0,779422.863,29.059608,-82.42538
CONUS50-+00018-+00004,lower_48,payroll_effective_date,remains_unclear,1,1350000.0,1125833.025,32.33227,-81.390385
CONUS50-+00018-+00007,lower_48,payroll_effective_date,police,1,1350000.0,1385640.646,34.306542,-80.960082
CONUS50-+00018-+00009,lower_48,payroll_effective_date,non_safety,1,1350000.0,1558845.727,35.899716,-80.561095
CONUS50-+00018-+00014,lower_48,payroll_effective_date,police,2,1350000.0,1991858.429,39.976979,-79.850255
CONUS50-+00018-+00015,lower_48,payroll_effective_date,fire,5,1350000.0,2078460.969,40.514782,-79.601134
CONUS50-+00018-+00015,lower_48,payroll_effective_date,mixed,1,1350000.0,2078460.969,40.426483,-79.823012
CONUS50-+00018-+00015,lower_48,payroll_effective_date,non_safety,2,1350000.0,2078460.969,40.74375,-80.332772
CONUS50-+00018-+00015,lower_48,payroll_effective_date,police,10,1350000.0,2078460.969,40.717313,-80.006372
CONUS50-+00018-+00015,lower_48,payroll_effective_date,remains_unclear,5,1350000.0,2078460.969,40.417056,-80.054317
CONUS50-+00018-+00015,lower_48,payroll_effective_date,side_independent,5,1350000.0,2078460.969,40.614925,-79.639675
CONUS50-+00018-+00016,lower_48,payroll_effective_date,police,2,1350000.0,2165063.509,41.496794,-79.760924
CONUS50-+00018-+00016,lower_48,payroll_effective_date,remains_unclear,4,1350000.0,2165063.509,41.36847,-79.691935
CONUS50-+00018-+00016,lower_48,payroll_effective_date,side_independent,4,1350000.0,2165063.509,41.529787,-80.21656
CONUS50-+00018-+00017,lower_48,payroll_effective_date,police,3,1350000.0,2251666.05,42.099141,-79.320102
CONUS50-+00018-+00017,lower_48,payroll_effective_date,side_independent,2,1350000.0,2251666.05,42.46949,-79.320099
CONUS50-+00018-+00018,lower_48,payroll_effective_date,fire,1,1350000.0,2338268.59,42.95825,-78.73952
CONUS50-+00018-+00018,lower_48,payroll_effective_date,police,2,1350000.0,2338268.59,42.637885,-79.029516
CONUS50-+00018-+00018,lower_48,payroll_effective_date,remains_unclear,4,1350000.0,2338268.59,42.910021,-78.741821
CONUS50-+00019-+00000,lower_48,payroll_effective_date,police,1,1425000.0,822724.134,29.245606,-81.047045
CONUS50-+00019-+00004,lower_48,payroll_effective_date,remains_unclear,1,1425000.0,1169134.295,32.498719,-80.313487
CONUS50-+00019-+00007,lower_48,payroll_effective_date,remains_unclear,3,1425000.0,1428941.916,35.216362,-80.005007
CONUS50-+00019-+00008,lower_48,payroll_effective_date,remains_unclear,1,1425000.0,1515544.457,35.434915,-80.219812
CONUS50-+00019-+00009,lower_48,payroll_effective_date,remains_unclear,1,1425000.0,1602146.997,35.998445,-79.934601
CONUS50-+00019-+00014,lower_48,payroll_effective_date,non_safety,1,1425000.0,2035159.699,40.239043,-78.968749
CONUS50-+00019-+00014,lower_48,payroll_effective_date,police,3,1425000.0,2035159.699,40.239043,-78.968749
CONUS50-+00019-+00014,lower_48,payroll_effective_date,remains_unclear,2,1425000.0,2035159.699,40.239043,-78.968749
CONUS50-+00019-+00015,lower_48,payroll_effective_date,police,2,1425000.0,2121762.239,41.067754,-79.173749
CONUS50-+00019-+00015,lower_48,payroll_effective_date,remains_unclear,2,1425000.0,2121762.239,40.882454,-78.606448
CONUS50-+00019-+00016,lower_48,payroll_effective_date,fire,1,1425000.0,2208364.78,41.916967,-78.687943
CONUS50-+00019-+00016,lower_48,payroll_effective_date,police,1,1425000.0,2208364.78,41.916967,-78.687943
CONUS50-+00019-+00017,lower_48,payroll_effective_date,non_safety,1,1425000.0,2294967.32,42.723357,-78.834804
CONUS50-+00019-+00017,lower_48,payroll_effective_date,police,3,1425000.0,2294967.32,42.723357,-78.834804
CONUS50-+00019-+00017,lower_48,payroll_effective_date,remains_unclear,11,1425000.0,2294967.32,42.531726,-78.439916
CONUS50-+00019-+00018,lower_48,payroll_effective_date,police,3,1425000.0,2381569.86,42.907261,-78.520616
CONUS50-+00019-+00018,lower_48,payroll_effective_date,remains_unclear,2,1425000.0,2381569.86,42.907261,-78.520616
CONUS50-+00019-+00018,lower_48,payroll_effective_date,side_independent,1,1425000.0,2381569.86,43.24506,-77.932455
CONUS50-+00019--00001,lower_48,payroll_effective_date,remains_unclear,1,1425000.0,736121.593,28.70732,-81.73419
CONUS50-+00019--00002,lower_48,payroll_effective_date,remains_unclear,1,1425000.0,649519.053,27.97427,-81.755395
CONUS50-+00020-+00006,lower_48,payroll_effective_date,police,1,1500000.0,1385640.646,34.340784,-79.166426
CONUS50-+00020-+00006,lower_48,payroll_effective_date,remains_unclear,2,1500000.0,1385640.646,34.676625,-79.193397
CONUS50-+00020-+00007,lower_48,payroll_effective_date,police,1,1500000.0,1472243.186,35.248173,-79.371915
CONUS50-+00020-+00007,lower_48,payroll_effective_date,remains_unclear,3,1500000.0,1472243.186,34.902837,-79.011287
CONUS50-+00020-+00008,lower_48,payroll_effective_date,remains_unclear,2,1500000.0,1558845.727,35.85503,-79.569307
CONUS50-+00020-+00016,lower_48,payroll_effective_date,police,4,1500000.0,2251666.05,42.233277,-77.795082
CONUS50-+00020-+00016,lower_48,payroll_effective_date,side_independent,4,1500000.0,2251666.05,42.222372,-77.660191
CONUS50-+00020-+00017,lower_48,payroll_effective_date,police,5,1500000.0,2338268.59,42.898209,-77.720635
CONUS50-+00020-+00017,lower_48,payroll_effective_date,remains_unclear,2,1500000.0,2338268.59,42.562482,-77.696927
CONUS50-+00020-+00017,lower_48,payroll_effective_date,side_independent,7,1500000.0,2338268.59,42.424318,-77.448755
CONUS50-+00020-+00018,lower_48,payroll_effective_date,police,2,1500000.0,2424871.131,43.250347,-77.700518
CONUS50-+00020-+00018,lower_48,payroll_effective_date,remains_unclear,1,1500000.0,2424871.131,43.245527,-77.315958
CONUS50-+00020--00002,lower_48,payroll_effective_date,remains_unclear,1,1500000.0,692820.323,28.066869,-80.559603
CONUS50-+00021-+00006,lower_48,payroll_effective_date,police,1,1575000.0,1428941.916,34.621454,-78.6063
CONUS50-+00021-+00006,lower_48,payroll_effective_date,remains_unclear,2,1575000.0,1428941.916,35.013483,-78.700121
CONUS50-+00021-+00007,lower_48,payroll_effective_date,remains_unclear,2,1575000.0,1515544.457,35.406389,-78.669523
CONUS50-+00021-+00008,lower_48,payroll_effective_date,remains_unclear,1,1575000.0,1602146.997,35.789383,-78.204811
CONUS50-+00021-+00013,lower_48,payroll_effective_date,non_safety,1,1575000.0,2035159.699,40.070198,-77.394298
CONUS50-+00021-+00013,lower_48,payroll_effective_date,remains_unclear,2,1575000.0,2035159.699,39.936829,-76.979459
CONUS50-+00021-+00013,lower_48,payroll_effective_date,side_independent,1,1575000.0,2035159.699,39.789001,-77.369819
CONUS50-+00021-+00014,lower_48,payroll_effective_date,police,1,1575000.0,2121762.239,40.337629,-76.932069
CONUS50-+00021-+00014,lower_48,payroll_effective_date,remains_unclear,2,1575000.0,2121762.239,40.843492,-77.075346
CONUS50-+00021-+00014,lower_48,payroll_effective_date,side_independent,3,1575000.0,2121762.239,40.824544,-76.734121
CONUS50-+00021-+00015,lower_48,payroll_effective_date,non_safety,1,1575000.0,2208364.78,41.493122,-76.548038
CONUS50-+00021-+00015,lower_48,payroll_effective_date,police,2,1575000.0,2208364.78,41.493122,-76.548038
CONUS50-+00021-+00015,lower_48,payroll_effective_date,remains_unclear,3,1575000.0,2208364.78,41.493122,-76.548038
CONUS50-+00021-+00015,lower_48,payroll_effective_date,side_independent,1,1575000.0,2208364.78,41.493122,-76.548038
CONUS50-+00021-+00016,lower_48,payroll_effective_date,fire,1,1575000.0,2294967.32,42.149331,-77.014205
CONUS50-+00021-+00016,lower_48,payroll_effective_date,non_safety,3,1575000.0,2294967.32,42.443937,-76.503055
CONUS50-+00021-+00016,lower_48,payroll_effective_date,police,3,1575000.0,2294967.32,42.163762,-77.092384
CONUS50-+00021-+00016,lower_48,payroll_effective_date,remains_unclear,4,1575000.0,2294967.32,42.13849,-76.913756
CONUS50-+00021-+00016,lower_48,payroll_effective_date,side_independent,2,1575000.0,2294967.32,42.138165,-77.140867
CONUS50-+00021-+00017,lower_48,payroll_effective_date,police,6,1575000.0,2381569.86,43.066191,-76.313273
CONUS50-+00021-+00017,lower_48,payroll_effective_date,remains_unclear,3,1575000.0,2381569.86,43.184174,-76.373925
CONUS50-+00021-+00017,lower_48,payroll_effective_date,side_independent,4,1575000.0,2381569.86,42.862345,-76.227534
CONUS50-+00021-+00018,lower_48,payroll_effective_date,non_safety,3,1575000.0,2468172.401,43.489292,-76.030916
CONUS50-+00021-+00018,lower_48,payroll_effective_date,remains_unclear,2,1575000.0,2468172.401,43.455062,-76.204628
CONUS50-+00021-+00018,lower_48,payroll_effective_date,side_independent,2,1575000.0,2468172.401,44.005307,-75.98307
CONUS50-+00021-+00019,lower_48,payroll_effective_date,non_safety,1,1575000.0,2554774.941,44.086978,-75.807761
CONUS50-+00021-+00019,lower_48,payroll_effective_date,remains_unclear,1,1575000.0,2554774.941,44.215541,-75.79594
CONUS50-+00021-+00019,lower_48,payroll_effective_date,side_independent,2,1575000.0,2554774.941,44.215541,-75.79594
CONUS50-+00021--00004,lower_48,payroll_effective_date,police,1,1575000.0,562916.512,26.56664,-80.040186
CONUS50-+00021--00004,lower_48,payroll_effective_date,remains_unclear,4,1575000.0,562916.512,26.530938,-80.046814
CONUS50-+00021--00005,lower_48,payroll_effective_date,police,3,1575000.0,476313.972,25.881696,-80.181101
CONUS50-+00021--00007,lower_48,payroll_effective_date,police,1,1575000.0,303108.891,24.723406,-81.021647
CONUS50-+00022-+00005,lower_48,payroll_effective_date,remains_unclear,1,1650000.0,1385640.646,34.216748,-77.9988
CONUS50-+00022-+00007,lower_48,payroll_effective_date,remains_unclear,2,1650000.0,1558845.727,35.595026,-77.590618
CONUS50-+00022-+00012,lower_48,payroll_effective_date,remains_unclear,1,1650000.0,1991858.429,39.752761,-76.592495
CONUS50-+00022-+00013,lower_48,payroll_effective_date,police,6,1650000.0,2078460.969,40.139327,-75.95321
CONUS50-+00022-+00013,lower_48,payroll_effective_date,remains_unclear,3,1650000.0,2078460.969,40.221962,-76.306722
CONUS50-+00022-+00013,lower_48,payroll_effective_date,side_independent,3,1650000.0,2078460.969,40.064424,-76.795847
CONUS50-+00022-+00014,lower_48,payroll_effective_date,police,5,1650000.0,2165063.509,41.022314,-76.520758
CONUS50-+00022-+00014,lower_48,payroll_effective_date,side_independent,1,1650000.0,2165063.509,40.849869,-76.557894
CONUS50-+00022-+00015,lower_48,payroll_effective_date,non_safety,1,1650000.0,2251666.05,41.383099,-75.838563
CONUS50-+00022-+00015,lower_48,payroll_effective_date,police,1,1650000.0,2251666.05,41.305677,-75.842886
CONUS50-+00022-+00015,lower_48,payroll_effective_date,side_independent,3,1650000.0,2251666.05,41.383099,-75.838563
CONUS50-+00022-+00016,lower_48,payroll_effective_date,fire,1,1650000.0,2338268.59,42.308164,-75.753974
CONUS50-+00022-+00016,lower_48,payroll_effective_date,remains_unclear,1,1650000.0,2338268.59,42.125983,-76.032176
CONUS50-+00022-+00016,lower_48,payroll_effective_date,side_independent,2,1650000.0,2338268.59,42.215645,-75.902254
CONUS50-+00022-+00017,lower_48,payroll_effective_date,police,4,1650000.0,2424871.131,43.046144,-75.874769
CONUS50-+00022-+00017,lower_48,payroll_effective_date,remains_unclear,1,1650000.0,2424871.131,43.112448,-75.273964
CONUS50-+00022-+00017,lower_48,payroll_effective_date,side_independent,2,1650000.0,2424871.131,43.345241,-75.614699
CONUS50-+00022-+00018,lower_48,payroll_effective_date,police,3,1650000.0,2511473.671,43.821769,-75.040114
CONUS50-+00022-+00018,lower_48,payroll_effective_date,remains_unclear,1,1650000.0,2511473.671,43.965763,-74.634962
CONUS50-+00022-+00018,lower_48,payroll_effective_date,side_independent,2,1650000.0,2511473.671,43.904601,-75.623403
CONUS50-+00023-+00005,lower_48,payroll_effective_date,remains_unclear,3,1725000.0,1428941.916,34.701904,-76.742265
CONUS50-+00023-+00006,lower_48,payroll_effective_date,police,1,1725000.0,1515544.457,35.03095,-76.680841
CONUS50-+00023-+00006,lower_48,payroll_effective_date,remains_unclear,1,1725000.0,1515544.457,35.068909,-77.149927
CONUS50-+00023-+00007,lower_48,payroll_effective_date,non_safety,1,1725000.0,1602146.997,36.201573,-76.7664
CONUS50-+00023-+00007,lower_48,payroll_effective_date,police,1,1725000.0,1602146.997,35.846539,-77.066078
CONUS50-+00023-+00007,lower_48,payroll_effective_date,remains_unclear,2,1725000.0,1602146.997,35.812198,-76.900182
CONUS50-+00023-+00011,lower_48,payroll_effective_date,remains_unclear,1,1725000.0,1948557.159,39.113071,-75.74951
CONUS50-+00023-+00012,lower_48,payroll_effective_date,remains_unclear,2,1725000.0,2035159.699,39.911583,-75.326754
CONUS50-+00023-+00013,lower_48,payroll_effective_date,non_safety,2,1725000.0,2121762.239,40.594532,-75.026566
CONUS50-+00023-+00013,lower_48,payroll_effective_date,police,20,1725000.0,2121762.239,40.439762,-74.956329
CONUS50-+00023-+00013,lower_48,payroll_effective_date,remains_unclear,11,1725000.0,2121762.239,40.594532,-75.026566
CONUS50-+00023-+00013,lower_48,payroll_effective_date,side_independent,2,1725000.0,2121762.239,40.11246,-75.295523
CONUS50-+00023-+00014,lower_48,payroll_effective_date,police,2,1725000.0,2208364.78,41.053241,-75.307662
CONUS50-+00023-+00014,lower_48,payroll_effective_date,remains_unclear,7,1725000.0,2208364.78,41.164296,-74.737798
CONUS50-+00023-+00015,lower_48,payroll_effective_date,non_safety,1,1725000.0,2294967.32,42.220267,-74.476398
CONUS50-+00023-+00015,lower_48,payroll_effective_date,police,2,1725000.0,2294967.32,41.962802,-74.788996
CONUS50-+00023-+00015,lower_48,payroll_effective_date,remains_unclear,1,1725000.0,2294967.32,42.049037,-74.621147
CONUS50-+00023-+00015,lower_48,payroll_effective_date,side_independent,4,1725000.0,2294967.32,41.680039,-74.99419
CONUS50-+00023-+00016,lower_48,payroll_effective_date,police,2,1725000.0,2381569.86,42.698875,-74.930659
CONUS50-+00023-+00016,lower_48,payroll_effective_date,side_independent,7,1725000.0,2381569.86,42.504012,-74.293643
CONUS50-+00023-+00018,lower_48,payroll_effective_date,police,1,1725000.0,2554774.941,44.229821,-74.461853
CONUS50-+00023-+00018,lower_48,payroll_effective_date,remains_unclear,2,1725000.0,2554774.941,44.218046,-74.206573
CONUS50-+00023-+00019,lower_48,payroll_effective_date,remains_unclear,1,1725000.0,2641377.482,44.772856,-74.28157
CONUS50-+00024-+00007,lower_48,payroll_effective_date,remains_unclear,1,1800000.0,1645448.267,36.1866,-75.754055
CONUS50-+00024-+00009,lower_48,payroll_effective_date,remains_unclear,1,1800000.0,1818653.348,37.709993,-75.74367
CONUS50-+00024-+00011,lower_48,payroll_effective_date,non_safety,4,1800000.0,1991858.429,39.311337,-74.526957
CONUS50-+00024-+00011,lower_48,payroll_effective_date,police,2,1800000.0,1991858.429,39.380407,-74.612341
CONUS50-+00024-+00011,lower_48,payroll_effective_date,remains_unclear,3,1800000.0,1991858.429,39.380407,-74.612341
CONUS50-+00024-+00012,lower_48,payroll_effective_date,non_safety,1,1800000.0,2078460.969,39.491453,-74.473867
CONUS50-+00024-+00012,lower_48,payroll_effective_date,police,6,1800000.0,2078460.969,39.807116,-74.924178
CONUS50-+00024-+00012,lower_48,payroll_effective_date,remains_unclear,8,1800000.0,2078460.969,39.856677,-74.90081
CONUS50-+00024-+00013,lower_48,payroll_effective_date,non_safety,5,1800000.0,2165063.509,40.677455,-74.567277
CONUS50-+00024-+00013,lower_48,payroll_effective_date,police,5,1800000.0,2165063.509,40.792784,-74.004572
CONUS50-+00024-+00013,lower_48,payroll_effective_date,remains_unclear,38,1800000.0,2165063.509,40.673089,-74.686325
CONUS50-+00024-+00013,lower_48,payroll_effective_date,safety_combined,1,1800000.0,2165063.509,40.76804,-74.235692
CONUS50-+00024-+00014,lower_48,payroll_effective_date,police,20,1800000.0,2251666.05,41.023305,-73.984223
CONUS50-+00024-+00014,lower_48,payroll_effective_date,remains_unclear,9,1800000.0,2251666.05,41.023696,-74.092553
CONUS50-+00024-+00015,lower_48,payroll_effective_date,fire,1,1800000.0,2338268.59,41.978122,-74.038687
CONUS50-+00024-+00015,lower_48,payroll_effective_date,non_safety,1,1800000.0,2338268.59,42.394382,-73.703768
CONUS50-+00024-+00015,lower_48,payroll_effective_date,police,3,1800000.0,2338268.59,41.970995,-74.004746
CONUS50-+00024-+00015,lower_48,payroll_effective_date,remains_unclear,8,1800000.0,2338268.59,42.10365,-73.359887
CONUS50-+00024-+00015,lower_48,payroll_effective_date,side_independent,5,1800000.0,2338268.59,42.035959,-73.580146
CONUS50-+00024-+00016,lower_48,payroll_effective_date,non_safety,1,1800000.0,2424871.131,42.951298,-73.887139
CONUS50-+00024-+00016,lower_48,payroll_effective_date,police,10,1800000.0,2424871.131,42.740669,-73.786881
CONUS50-+00024-+00016,lower_48,payroll_effective_date,remains_unclear,8,1800000.0,2424871.131,42.705345,-74.033633
CONUS50-+00024-+00016,lower_48,payroll_effective_date,side_independent,3,1800000.0,2424871.131,42.941628,-74.190566
CONUS50-+00024-+00017,lower_48,payroll_effective_date,police,7,1800000.0,2511473.671,43.685784,-73.875334
CONUS50-+00024-+00017,lower_48,payroll_effective_date,remains_unclear,5,1800000.0,2511473.671,43.685784,-73.875334
CONUS50-+00024-+00018,lower_48,payroll_effective_date,police,1,1800000.0,2598076.211,44.692025,-73.458276
CONUS50-+00024-+00018,lower_48,payroll_effective_date,remains_unclear,2,1800000.0,2598076.211,44.712616,-72.900456
CONUS50-+00024-+00019,lower_48,payroll_effective_date,remains_unclear,2,1800000.0,2684678.752,44.883477,-72.484927
CONUS50-+00025-+00012,lower_48,payroll_effective_date,police,1,1875000.0,2121762.239,40.191418,-74.015105
CONUS50-+00025-+00012,lower_48,payroll_effective_date,remains_unclear,4,1875000.0,2121762.239,39.969474,-74.07188
CONUS50-+00025-+00013,lower_48,payroll_effective_date,fire,3,1875000.0,2208364.78,40.953067,-73.813316
CONUS50-+00025-+00013,lower_48,payroll_effective_date,non_safety,3,1875000.0,2208364.78,40.944738,-73.686374
CONUS50-+00025-+00013,lower_48,payroll_effective_date,police,10,1875000.0,2208364.78,41.013479,-73.839289
CONUS50-+00025-+00013,lower_48,payroll_effective_date,remains_unclear,4,1875000.0,2208364.78,41.013479,-73.839289
CONUS50-+00025-+00014,lower_48,payroll_effective_date,police,2,1875000.0,2294967.32,41.841053,-72.998664
CONUS50-+00025-+00015,lower_48,payroll_effective_date,remains_unclear,9,1875000.0,2381569.86,42.190191,-72.954263
CONUS50-+00025-+00016,lower_48,payroll_effective_date,police,1,1875000.0,2468172.401,43.496493,-72.599969
CONUS50-+00025-+00016,lower_48,payroll_effective_date,remains_unclear,1,1875000.0,2468172.401,43.213923,-72.287033
CONUS50-+00025-+00017,lower_48,payroll_effective_date,remains_unclear,5,1875000.0,2554774.941,44.043224,-72.282378
CONUS50-+00025-+00018,lower_48,payroll_effective_date,remains_unclear,2,1875000.0,2641377.482,44.388725,-72.28876
CONUS50-+00025-+00019,lower_48,payroll_effective_date,remains_unclear,2,1875000.0,2727980.022,44.991356,-71.598024
CONUS50-+00026-+00013,lower_48,payroll_effective_date,police,6,1950000.0,2251666.05,41.092207,-72.105632
CONUS50-+00026-+00013,lower_48,payroll_effective_date,remains_unclear,6,1950000.0,2251666.05,41.102428,-72.366763
CONUS50-+00026-+00014,lower_48,payroll_effective_date,remains_unclear,8,1950000.0,2338268.59,41.732982,-72.374658
CONUS50-+00026-+00015,lower_48,payroll_effective_date,fire,3,1950000.0,2424871.131,42.611636,-71.564743
CONUS50-+00026-+00015,lower_48,payroll_effective_date,police,1,1950000.0,2424871.131,42.676149,-71.499772
CONUS50-+00026-+00015,lower_48,payroll_effective_date,remains_unclear,5,1950000.0,2424871.131,42.611636,-71.564743
CONUS50-+00026-+00016,lower_48,payroll_effective_date,remains_unclear,1,1950000.0,2511473.671,43.283544,-71.830606
CONUS50-+00026-+00017,lower_48,payroll_effective_date,fire,1,1950000.0,2598076.211,44.18762,-71.155763
CONUS50-+00026-+00017,lower_48,payroll_effective_date,remains_unclear,2,1950000.0,2598076.211,43.90696,-71.04752
CONUS50-+00026-+00018,lower_48,payroll_effective_date,remains_unclear,3,1950000.0,2684678.752,44.591234,-70.772424
CONUS50-+00027-+00014,lower_48,payroll_effective_date,police,2,2025000.0,2381569.86,42.262428,-70.798883
CONUS50-+00027-+00014,lower_48,payroll_effective_date,remains_unclear,5,2025000.0,2381569.86,42.116244,-71.329274
CONUS50-+00027-+00015,lower_48,payroll_effective_date,fire,1,2025000.0,2468172.401,42.41824,-70.932728
CONUS50-+00027-+00015,lower_48,payroll_effective_date,police,1,2025000.0,2468172.401,42.924811,-70.886242
CONUS50-+00027-+00015,lower_48,payroll_effective_date,remains_unclear,1,2025000.0,2468172.401,42.626223,-70.85723
CONUS50-+00027-+00016,lower_48,payroll_effective_date,fire,2,2025000.0,2554774.941,43.23198,-70.585466
CONUS50-+00027-+00016,lower_48,payroll_effective_date,remains_unclear,5,2025000.0,2554774.941,43.73532,-70.081008
CONUS50-+00027-+00017,lower_48,payroll_effective_date,remains_unclear,1,2025000.0,2641377.482,43.903914,-70.182018
CONUS50-+00027-+00018,lower_48,payroll_effective_date,remains_unclear,1,2025000.0,2727980.022,44.786174,-70.208555
CONUS50-+00027-+00018,lower_48,payroll_effective_date,side_independent,1,2025000.0,2727980.022,45.153803,-69.59845
CONUS50-+00028-+00016,lower_48,payroll_effective_date,police,1,2100000.0,2598076.211,43.741099,-69.826141
CONUS50-+00028-+00016,lower_48,payroll_effective_date,remains_unclear,1,2100000.0,2598076.211,44.052277,-69.567522
CONUS50-+00028-+00018,lower_48,payroll_effective_date,remains_unclear,1,2100000.0,2771281.292,45.08826,-68.906681
CONUS50-+00028-+00020,lower_48,payroll_effective_date,remains_unclear,1,2100000.0,2944486.373,46.702008,-68.112001
CONUS50-+00029-+00016,lower_48,payroll_effective_date,side_independent,1,2175000.0,2641377.482,44.046559,-68.626888
CONUS50-+00029-+00017,lower_48,payroll_effective_date,remains_unclear,1,2175000.0,2727980.022,44.89448,-68.546752
CONUS50--00001-+00007,lower_48,payroll_effective_date,police,1,-75000.0,562916.512,28.047649,-97.049971
CONUS50--00001-+00007,lower_48,payroll_effective_date,remains_unclear,1,-75000.0,562916.512,28.072445,-97.038927
CONUS50--00001-+00007,lower_48,payroll_effective_date,side_independent,1,-75000.0,562916.512,28.072445,-97.038927
CONUS50--00001-+00008,lower_48,payroll_effective_date,remains_unclear,1,-75000.0,649519.053,28.617967,-96.628288
CONUS50--00001-+00013,lower_48,payroll_effective_date,remains_unclear,1,-75000.0,1082531.755,33.060839,-96.625192
CONUS50--00001-+00016,lower_48,payroll_effective_date,remains_unclear,1,-75000.0,1342339.376,35.232691,-97.100032
CONUS50--00001-+00019,lower_48,payroll_effective_date,remains_unclear,2,-75000.0,1602146.997,37.781587,-97.098507
CONUS50--00001-+00019,lower_48,payroll_effective_date,side_independent,1,-75000.0,1602146.997,37.821624,-96.862203
CONUS50--00001-+00021,lower_48,payroll_effective_date,remains_unclear,1,-75000.0,1775352.078,38.979629,-96.441498
CONUS50--00001-+00023,lower_48,payroll_effective_date,remains_unclear,3,-75000.0,1948557.159,40.505969,-96.706046
CONUS50--00001-+00025,lower_48,payroll_effective_date,side_independent,2,-75000.0,2121762.239,41.957415,-96.607238
CONUS50--00001-+00026,lower_48,payroll_effective_date,non_safety,1,-75000.0,2208364.78,43.116535,-96.959477
CONUS50--00001-+00026,lower_48,payroll_effective_date,police,2,-75000.0,2208364.78,43.116535,-96.959477
CONUS50--00001-+00026,lower_48,payroll_effective_date,side_independent,1,-75000.0,2208364.78,43.116535,-96.959477
CONUS50--00001-+00027,lower_48,payroll_effective_date,remains_unclear,2,-75000.0,2294967.32,43.996945,-96.964546
CONUS50--00001-+00027,lower_48,payroll_effective_date,side_independent,2,-75000.0,2294967.32,43.715023,-97.06492
CONUS50--00001-+00030,lower_48,payroll_effective_date,non_safety,1,-75000.0,2554774.941,46.054343,-97.506801
CONUS50--00001-+00031,lower_48,payroll_effective_date,non_safety,2,-75000.0,2641377.482,46.864704,-96.744552
CONUS50--00002-+00007,lower_48,payroll_effective_date,fire,1,-150000.0,519615.242,27.509201,-97.861028
CONUS50--00002-+00007,lower_48,payroll_effective_date,remains_unclear,1,-150000.0,519615.242,27.509201,-97.861028
CONUS50--00002-+00009,lower_48,payroll_effective_date,remains_unclear,1,-150000.0,692820.323,29.293204,-97.14701
CONUS50--00002-+00010,lower_48,payroll_effective_date,remains_unclear,1,-150000.0,779422.863,30.080402,-97.8557
CONUS50--00002-+00011,lower_48,payroll_effective_date,remains_unclear,1,-150000.0,866025.404,30.88826,-97.401361
CONUS50--00002-+00012,lower_48,payroll_effective_date,remains_unclear,2,-150000.0,952627.944,31.601451,-97.089037
CONUS50--00002-+00013,lower_48,payroll_effective_date,remains_unclear,1,-150000.0,1039230.485,32.459091,-97.383816
CONUS50--00002-+00014,lower_48,payroll_effective_date,fire,1,-150000.0,1125833.025,32.812972,-97.430548
CONUS50--00002-+00014,lower_48,payroll_effective_date,police,1,-150000.0,1125833.025,32.812972,-97.430548
CONUS50--00002-+00014,lower_48,payroll_effective_date,remains_unclear,1,-150000.0,1125833.025,32.966518,-97.337825
CONUS50--00002-+00018,lower_48,payroll_effective_date,remains_unclear,2,-150000.0,1472243.186,36.301724,-98.03578
CONUS50--00002-+00020,lower_48,payroll_effective_date,police,1,-150000.0,1645448.267,37.901633,-97.783094
CONUS50--00002-+00020,lower_48,payroll_effective_date,remains_unclear,1,-150000.0,1645448.267,37.611978,-97.652831
CONUS50--00002-+00022,lower_48,payroll_effective_date,remains_unclear,1,-150000.0,1818653.348,39.61091,-97.535619
CONUS50--00002-+00028,lower_48,payroll_effective_date,remains_unclear,1,-150000.0,2338268.59,43.725301,-97.68905
CONUS50--00002-+00029,lower_48,payroll_effective_date,remains_unclear,1,-150000.0,2424871.131,44.839416,-97.662245
CONUS50--00002-+00030,lower_48,payroll_effective_date,police,1,-150000.0,2511473.671,45.636784,-97.670154
CONUS50--00002-+00030,lower_48,payroll_effective_date,remains_unclear,1,-150000.0,2511473.671,45.602279,-97.830224
CONUS50--00002-+00032,lower_48,payroll_effective_date,remains_unclear,1,-150000.0,2684678.752,46.762492,-97.793158
CONUS50--00002-+00033,lower_48,payroll_effective_date,side_independent,1,-150000.0,2771281.292,48.083502,-97.467723
CONUS50--00003-+00010,lower_48,payroll_effective_date,police,1,-225000.0,736121.593,29.490225,-98.549138
CONUS50--00003-+00011,lower_48,payroll_effective_date,side_independent,2,-225000.0,822724.134,30.481656,-97.931974
CONUS50--00003-+00016,lower_48,payroll_effective_date,remains_unclear,2,-225000.0,1255736.835,34.362503,-97.979879
CONUS50--00003-+00018,lower_48,payroll_effective_date,remains_unclear,1,-225000.0,1428941.916,35.637076,-98.316976
CONUS50--00003-+00020,lower_48,payroll_effective_date,remains_unclear,1,-225000.0,1602146.997,37.644623,-98.43113
CONUS50--00003-+00022,lower_48,payroll_effective_date,remains_unclear,3,-225000.0,1775352.078,39.042955,-98.146737
CONUS50--00003-+00023,lower_48,payroll_effective_date,remains_unclear,1,-225000.0,1861954.618,39.509511,-98.433107
CONUS50--00003-+00024,lower_48,payroll_effective_date,remains_unclear,1,-225000.0,1948557.159,40.618944,-98.657585
CONUS50--00003-+00027,lower_48,payroll_effective_date,remains_unclear,1,-225000.0,2208364.78,42.924611,-98.507166
CONUS50--00003-+00028,lower_48,payroll_effective_date,remains_unclear,2,-225000.0,2294967.32,43.729337,-98.97902
CONUS50--00003-+00030,lower_48,payroll_effective_date,police,1,-225000.0,2468172.401,45.549151,-98.914551
CONUS50--00003-+00030,lower_48,payroll_effective_date,side_independent,1,-225000.0,2468172.401,45.549151,-98.914551
CONUS50--00003-+00034,lower_48,payroll_effective_date,remains_unclear,2,-225000.0,2814582.562,48.412438,-98.453645
CONUS50--00004-+00016,lower_48,payroll_effective_date,remains_unclear,1,-300000.0,1212435.565,33.595233,-99.258469
CONUS50--00004-+00019,lower_48,payroll_effective_date,remains_unclear,1,-300000.0,1472243.186,36.26497,-99.877431
CONUS50--00004-+00021,lower_48,payroll_effective_date,side_independent,2,-300000.0,1645448.267,37.823047,-99.072749
CONUS50--00004-+00029,lower_48,payroll_effective_date,remains_unclear,2,-300000.0,2338268.59,43.903477,-99.862001
CONUS50--00004-+00031,lower_48,payroll_effective_date,remains_unclear,2,-300000.0,2511473.671,45.837808,-100.074684
CONUS50--00004-+00033,lower_48,payroll_effective_date,remains_unclear,1,-300000.0,2684678.752,47.447183,-99.930386
CONUS50--00005-+00026,lower_48,payroll_effective_date,side_independent,2,-375000.0,2035159.699,41.111982,-100.151596
CONUS50--00006-+00018,lower_48,payroll_effective_date,remains_unclear,1,-450000.0,1299038.106,34.936913,-100.892111
CONUS50--00006-+00025,lower_48,payroll_effective_date,remains_unclear,1,-450000.0,1905255.888,40.046826,-101.540193
CONUS50--00007-+00027,lower_48,payroll_effective_date,remains_unclear,1,-525000.0,2035159.699,41.094699,-101.888506
CONUS50--00007-+00036,lower_48,payroll_effective_date,remains_unclear,1,-525000.0,2814582.562,48.281651,-103.35784
CONUS50--00008-+00035,lower_48,payroll_effective_date,remains_unclear,2,-600000.0,2684678.752,46.91944,-103.84059
CONUS50--00010-+00027,lower_48,payroll_effective_date,remains_unclear,1,-750000.0,1905255.888,39.46249,-104.870584
CONUS50--00012-+00025,lower_48,payroll_effective_date,police,1,-900000.0,1645448.267,37.273524,-105.959721
CONUS50--00012-+00029,lower_48,payroll_effective_date,remains_unclear,1,-900000.0,1991858.429,40.153005,-106.908527
CONUS50--00014-+00027,lower_48,payroll_effective_date,police,2,-1050000.0,1732050.808,37.932416,-107.857737
CONUS50--00014-+00027,lower_48,payroll_effective_date,remains_unclear,2,-1050000.0,1732050.808,37.932416,-107.857737
CONUS50--00014-+00030,lower_48,payroll_effective_date,remains_unclear,1,-1050000.0,1991858.429,40.239861,-109.006795
CONUS50--00017-+00032,lower_48,payroll_effective_date,remains_unclear,1,-1275000.0,2035159.699,40.645965,-111.405842
CONUS50--00018-+00029,lower_48,payroll_effective_date,remains_unclear,1,-1350000.0,1732050.808,37.76488,-111.598396
CONUS50--00018-+00032,lower_48,payroll_effective_date,remains_unclear,3,-1350000.0,1991858.429,39.628094,-111.641301
CONUS50--00018-+00037,lower_48,payroll_effective_date,remains_unclear,1,-1350000.0,2424871.131,43.73441,-113.36734
CONUS50--00019-+00031,lower_48,payroll_effective_date,remains_unclear,2,-1425000.0,1861954.618,38.436649,-112.261968
CONUS50--00021-+00039,lower_48,payroll_effective_date,remains_unclear,1,-1575000.0,2468172.401,43.827844,-115.830474
CONUS50--00021-+00043,lower_48,payroll_effective_date,remains_unclear,1,-1575000.0,2814582.562,47.010248,-117.139526
CONUS50--00021-+00044,lower_48,payroll_effective_date,police,1,-1575000.0,2901185.103,47.224731,-117.073057
CONUS50--00023-+00044,lower_48,payroll_effective_date,remains_unclear,1,-1725000.0,2814582.562,46.269799,-118.150871
CONUS50--00023-+00046,lower_48,payroll_effective_date,remains_unclear,1,-1725000.0,2987787.643,48.001499,-118.953675
CONUS50--00024-+00027,lower_48,payroll_effective_date,fire,1,-1800000.0,1299038.106,32.813781,-115.378319
CONUS50--00024-+00027,lower_48,payroll_effective_date,non_safety,1,-1800000.0,1299038.106,33.038996,-115.622441
CONUS50--00024-+00027,lower_48,payroll_effective_date,remains_unclear,2,-1800000.0,1299038.106,33.038996,-115.622441
CONUS50--00024-+00046,lower_48,payroll_effective_date,remains_unclear,1,-1800000.0,2944486.373,47.67697,-120.222336
CONUS50--00024-+00047,lower_48,payroll_effective_date,police,1,-1800000.0,3031088.913,48.361004,-120.117135
CONUS50--00025-+00029,lower_48,payroll_effective_date,non_safety,2,-1875000.0,1428941.916,34.242888,-116.893893
CONUS50--00025-+00046,lower_48,payroll_effective_date,police,1,-1875000.0,2901185.103,46.554429,-120.492073
CONUS50--00026-+00047,lower_48,payroll_effective_date,remains_unclear,1,-1950000.0,2944486.373,47.101266,-122.052453
CONUS50--00027-+00046,lower_48,payroll_effective_date,remains_unclear,1,-2025000.0,2814582.562,45.865243,-122.40628
CONUS50--00028-+00036,lower_48,payroll_effective_date,remains_unclear,1,-2100000.0,1905255.888,37.642685,-120.754152
CONUS50--00028-+00038,lower_48,payroll_effective_date,remains_unclear,3,-2100000.0,2078460.969,39.093799,-120.953222
CONUS50--00028-+00042,lower_48,payroll_effective_date,non_safety,1,-2100000.0,2424871.131,42.025866,-121.600723
CONUS50--00028-+00042,lower_48,payroll_effective_date,remains_unclear,1,-2100000.0,2424871.131,42.025866,-121.600723
CONUS50--00028-+00045,lower_48,payroll_effective_date,remains_unclear,1,-2100000.0,2684678.752,44.382845,-123.109487
CONUS50--00029-+00032,lower_48,payroll_effective_date,remains_unclear,1,-2175000.0,1515544.457,34.593758,-120.13968
CONUS50--00029-+00033,lower_48,payroll_effective_date,remains_unclear,1,-2175000.0,1602146.997,34.615497,-120.194237
CONUS50--00029-+00036,lower_48,payroll_effective_date,police,2,-2175000.0,1861954.618,36.985424,-120.633845
CONUS50--00029-+00036,lower_48,payroll_effective_date,remains_unclear,1,-2175000.0,1861954.618,37.252549,-120.995513
CONUS50--00029-+00037,lower_48,payroll_effective_date,police,2,-2175000.0,1948557.159,37.791336,-120.999643
CONUS50--00029-+00037,lower_48,payroll_effective_date,remains_unclear,2,-2175000.0,1948557.159,37.791336,-120.999643
CONUS50--00029-+00038,lower_48,payroll_effective_date,non_safety,2,-2175000.0,2035159.699,39.031163,-121.389996
CONUS50--00029-+00039,lower_48,payroll_effective_date,remains_unclear,1,-2175000.0,2121762.239,39.410187,-121.713322
CONUS50--00030-+00036,lower_48,payroll_effective_date,fire,2,-2250000.0,1818653.348,36.552881,-121.921919
CONUS50--00030-+00036,lower_48,payroll_effective_date,non_safety,4,-2250000.0,1818653.348,36.552881,-121.921919
CONUS50--00030-+00036,lower_48,payroll_effective_date,police,7,-2250000.0,1818653.348,36.552881,-121.921919
CONUS50--00030-+00036,lower_48,payroll_effective_date,remains_unclear,1,-2250000.0,1818653.348,36.845132,-121.536949
CONUS50--00030-+00039,lower_48,payroll_effective_date,police,2,-2250000.0,2078460.969,39.038333,-122.922633
CONUS50--00030-+00039,lower_48,payroll_effective_date,remains_unclear,1,-2250000.0,2078460.969,39.038333,-122.922633
CONUS50--00031-+00038,lower_48,payroll_effective_date,remains_unclear,2,-2325000.0,1948557.159,37.676697,-122.452821
CONUS50--00031-+00042,lower_48,payroll_effective_date,remains_unclear,1,-2325000.0,2294967.32,40.880993,-123.994912
